,Lng,Lat,City,Country,Max Temp,Humidity,Cloudiness,Wind Speed,Date
0,42.54752062711452,-69.6599737427924,port alfred,za,248.38,98,100,7.23,1622314428
1,-3.535400523776815,0.6908368541235603,axim,gh,300.56,76,100,7.33,1622314429
2,-148.30994058019303,5.374525044327214,hilo,us,300.33,82,8,5.93,1622314429
3,50.876688188532256,71.75186881988515,belushya guba,ru,272.64,98,100,6.63,1622314430
4,89.08804950082055,-48.883442662971376,busselton,au,281.66,95,100,13.42,1622314430
5,145.39646938876916,63.27358784975053,artyk,ru,273.86,96,100,3.78,1622314430
6,45.67107406660125,48.86209831011416,kapustin yar-1,ru,294.11,66,8,2.4,1622314431
7,38.79625809757391,-88.16198460112601,port elizabeth,za,222.46,86,17,7.66,1622314431
8,98.81371127753783,-60.40312329629984,busselton,au,270.54,74,14,5.05,1622314432
9,-112.42574673661073,21.808587468390655,cabo san lucas,mx,293.34,78,47,4.7,1622314432
10,-25.40860470578758,59.355022215807026,grindavik,is,282.74,94,100,14.14,1622314432
11,138.12311128977655,77.51059679293499,nizhneyansk,ru,269.47,94,81,4.18,1622314433
12,-131.4504476863212,29.46062318667569,pacific grove,us,290.95,86,63,4.93,1622314433
13,97.3254249360964,49.17007547050903,kungurtug,ru,273.65,77,87,2.64,1622314434
14,119.50191907394844,-4.269972336636698,singkang,id,299.75,72,78,1.82,1622314434
15,-117.7645257088225,9.536030580572913,cabo san lucas,mx,300.0,84,100,8.69,1622314435
16,67.71946321676091,-9.148139572804595,hithadhoo,mv,299.88,80,61,8.97,1622314435
17,-56.95339937115503,49.38730494287918,deer lake,ca,286.42,41,10,3.63,1622314436
18,-78.7330170849354,17.280876514077093,black river,jm,300.71,72,2,3.15,1622314436
19,-85.53590181369785,17.382261447865048,savannah bight,hn,301.25,73,13,5.89,1622314437
20,87.03883997546723,21.828670174065834,jaleswar,in,301.79,84,24,5.2,1622314437
21,-162.4815102511412,36.651410352407936,kapaa,us,289.16,87,100,10.38,1622314437
22,-127.31866740601177,-26.53694184345113,rikitea,pf,296.15,90,100,12.25,1622314438
23,90.2630754762863,-62.82175155521357,busselton,au,256.4,99,100,4.77,1622314438
24,-21.294883892011285,32.283875542343026,ponta do sol,pt,292.96,80,0,9.89,1622314439
25,71.23136048839288,-82.44729794720149,taolanaro,mg,220.18,100,100,6.08,1622314439
26,-162.41996626257296,45.48324993060072,bethel,us,281.17,85,100,9.92,1622314440
27,-153.40501499103198,65.90959334860426,college,us,277.83,33,4,9.1,1622314440
28,87.89696316605563,38.74401469813276,korla,cn,299.02,13,0,2.0,1622314441
29,31.544229179550086,-51.27216017982986,port alfred,za,273.1,71,100,11.85,1622314442
30,150.51323824901624,-30.18849420016192,inverell,au,279.02,92,78,2.44,1622314442
31,68.47501372984885,-72.4826328853203,taolanaro,mg,244.41,80,100,2.11,1622314442
32,-138.74550758389623,60.743739983287156,haines junction,ca,277.24,61,99,3.68,1622314443
33,-158.97881696784043,44.52837385308845,kodiak,us,282.78,86,100,7.73,1622314443
34,-69.5187340935254,56.242425392835884,port-cartier,ca,275.85,79,100,6.53,1622314444
35,178.32745349381463,73.83203923502603,leningradskiy,ru,272.98,84,76,2.56,1622314444
36,-59.87478682211143,16.788194084116554,saint-francois,gp,299.89,71,96,7.15,1622314445
37,148.00859354084662,-24.28951890846632,emerald,au,284.47,53,100,5.22,1622314446
38,-45.46382468744221,-29.30368955304992,imbituba,br,293.84,72,51,9.64,1622314446
39,-48.397051756942176,28.815752337052785,saint george,bm,297.59,73,53,4.42,1622314449
40,90.49270643507373,52.17922986087672,abaza,ru,271.64,100,100,1.49,1622314449
41,174.6104014014042,-76.74509987663149,bluff,nz,259.1,93,100,14.83,1622314450
42,-145.17179867124435,-48.42949593112057,mataura,pf,279.82,74,100,14.47,1622314450
43,-18.514929584717038,84.72221871653232,illoqqortoormiut,gl,272.58,74,100,3.28,1622314450
44,49.65040890692296,82.21359524199235,belushya guba,ru,271.78,94,100,3.85,1622314451
45,78.07642622000992,-34.99474144649704,bambous virieux,mu,289.62,69,100,6.23,1622314451
46,-110.12505994903489,34.967832483712186,winslow,us,303.36,7,64,2.58,1622314452
47,167.10863837565932,-70.09387677301304,bluff,nz,238.07,100,97,1.62,1622314452
48,-40.54794750994995,6.9736051985984915,cururupu,br,299.88,76,100,7.9,1622314453
49,101.26729959250133,67.9868575545515,tura,ru,283.62,80,79,2.17,1622314453
50,-71.16677561226442,-89.2282766147438,ushuaia,ar,225.3,100,66,5.37,1622314453
51,-150.53416511348297,-63.247682808029275,mataura,pf,271.1,93,100,11.83,1622314454
52,139.2480923835791,18.816500673042185,airai,pw,301.59,76,5,5.89,1622314454
53,-77.74761144862087,-8.019011785985583,huamachuco,pe,288.33,45,9,2.95,1622314455
54,-86.64815644767755,-84.31482711094694,ushuaia,ar,243.32,79,36,3.75,1622314455
55,-103.4472902420239,48.51597836569226,williston,us,292.63,34,11,5.74,1622314456
56,-44.947129422464315,-69.94310261937211,ushuaia,ar,260.93,96,100,6.83,1622314456
57,-126.41384962644234,-54.94174902720792,rikitea,pf,278.51,92,100,18.4,1622314457
58,-8.614283596155246,-5.626681157478089,georgetown,sh,299.94,69,37,7.75,1622314457
59,123.53405956823423,52.22869935589483,tahe,cn,276.1,94,6,0.48,1622314457
60,-18.03532450506907,-54.323804497284875,arraial do cabo,br,274.38,85,100,9.33,1622314458
61,-143.80096746502875,-80.4933949175876,mataura,pf,265.79,91,100,5.5,1622314458
62,27.93069395138835,17.807691301385503,marawi,sd,303.66,13,6,5.95,1622314459
63,103.49209558318302,19.788890021134634,xam nua,la,293.35,99,95,0.77,1622314459
64,102.71546383955007,-61.68117788831449,albany,au,266.36,79,6,6.08,1622314460
65,-84.32239245635056,-72.76865718751964,punta arenas,cl,251.09,100,100,1.63,1622314460
66,80.06096335628047,48.26372249452211,ayagoz,kz,282.87,64,0,3.76,1622314460
67,-115.38608891982594,-26.63857107353929,rikitea,pf,295.77,80,100,9.33,1622314461
68,-12.735213370989811,75.64296977252732,illoqqortoormiut,gl,273.24,91,100,5.58,1622314461
69,-66.31113037203082,-26.053050873227463,tucuman,ar,282.05,31,77,3.12,1622314462
70,-17.28564530691898,56.8840576371237,vestmannaeyjar,is,283.08,79,65,6.73,1622314462
71,-154.70171784238278,53.684539398621354,kodiak,us,280.03,81,24,6.39,1622314463
72,105.11630314358428,19.41730684449965,thanh hoa,vn,297.3,82,99,1.7,1622314463
73,-99.52096567611206,83.8132286563727,yellowknife,ca,272.78,92,100,3.65,1622314463
74,-175.2071003942493,-67.62394373590342,vaini,to,250.15,100,63,3.11,1622314464
75,-40.71360861478823,-85.29908540538747,ushuaia,ar,233.26,64,93,5.95,1622314464
76,-82.37795886834775,-66.64648297657197,punta arenas,cl,259.67,95,100,5.11,1622314465
77,140.6334888602217,-75.45053312366448,hobart,au,230.81,84,77,6.73,1622314465
78,14.375440891830863,74.30593138201502,barentsburg,sj,276.64,83,100,9.05,1622314466
79,-25.12458974442137,70.59402247836451,illoqqortoormiut,gl,273.69,90,100,1.27,1622314466
80,157.75912288079996,-43.122039095596705,te anau,nz,282.39,65,27,15.58,1622314467
81,-132.9688390867476,27.37096483218724,pacific grove,us,292.04,75,100,7.27,1622314467
82,-88.97545109912585,2.130214778937656,puerto baquerizo moreno,ec,299.18,75,100,5.9,1622314467
83,79.8859075804807,18.601673342446574,manthani,in,306.92,40,83,5.55,1622314468
84,100.56783994349462,-67.50685151798933,albany,au,253.8,90,100,8.34,1622314468
85,-120.49825688142609,1.0784942756527727,atuona,pf,299.08,72,99,7.16,1622314469
86,19.284130998635646,16.88338207529162,faya,td,305.96,7,8,5.88,1622314469
87,-113.6823161843369,-76.19271875517005,punta arenas,cl,246.43,100,95,2.74,1622314470
88,162.2772301284508,66.51137895163907,cherskiy,ru,279.26,62,47,2.54,1622314470
89,35.41461640763603,-59.55338677228713,port alfred,za,271.46,76,95,6.38,1622314470
90,-135.2511362107581,0.5065580950699342,atuona,pf,299.58,78,3,7.22,1622314471
91,145.1425663396605,-50.90486719818587,hobart,au,280.44,89,100,3.01,1622314471
92,-175.24140130238132,75.01787847098683,mys shmidta,ru,272.79,81,91,4.67,1622314472
93,-64.96296598970675,61.989629656540075,iqaluit,ca,273.51,69,0,9.57,1622314472
94,-59.60562622886832,11.388862089849297,scarborough,tt,300.3,77,0,7.38,1622314473
95,104.74937453537495,-74.39329783554183,albany,au,241.64,98,100,7.75,1622314473
96,23.9979297654495,-76.50119225650252,bredasdorp,za,219.09,100,100,5.84,1622314473
97,-86.63670016367358,89.93300405089116,qaanaaq,gl,273.11,87,96,4.99,1622314474
98,5.609620155536703,11.954080508671424,gusau,ng,308.77,17,77,3.28,1622314474
99,-9.274391891063658,-65.7543993950973,cape town,za,259.13,100,100,3.88,1622314475
100,-116.24511159690215,-49.393122002997444,rikitea,pf,280.28,83,100,15.3,1622314475
101,-120.26757608124996,-24.557746620138175,rikitea,pf,297.11,72,100,9.24,1622314476
102,13.824529024635808,21.903019681950298,bilma,ne,308.55,9,0,6.93,1622314476
103,103.56532999903521,-72.97931268964584,albany,au,243.1,98,100,7.8,1622314477
104,-167.80151188345633,-7.058431083711596,lufilufi,ws,301.44,69,100,8.4,1622314477
105,-144.8990555457856,71.40681703762345,fairbanks,us,271.87,85,99,2.92,1622314478
106,-36.03273259033085,-17.370624310064827,prado,br,299.37,76,61,6.06,1622314478
107,154.58619918947323,-41.219805004303325,batemans bay,au,284.18,72,100,13.33,1622314479
108,-20.18377326746014,-43.25301655590393,arraial do cabo,br,286.35,90,100,11.59,1622314479
109,-106.59184562049808,0.25939840570755734,puerto ayora,ec,297.39,79,1,7.19,1622314479
110,35.36124393864739,-21.29416797149564,beira,mz,297.51,67,0,8.01,1622314480
111,26.781796265621352,-39.54493458674958,port elizabeth,za,283.93,62,93,6.15,1622314480
112,-17.463243567345955,57.01309129870265,vestmannaeyjar,is,283.0,78,74,7.13,1622314481
113,67.2135603189584,41.474457422695394,chardara,kz,302.04,31,90,3.3,1622314481
114,175.37794896588463,16.34939139799357,butaritari,ki,299.54,76,81,6.89,1622314482
115,84.56959738832444,47.007684701624214,zaysan,kz,281.27,61,0,1.24,1622314482
116,75.6315366697593,71.53725222386157,tazovskiy,ru,270.26,89,100,6.63,1622314483
117,101.9641658160042,75.09622510683334,khatanga,ru,270.63,81,100,7.38,1622314483
118,49.42546282622578,-42.50718276711246,taolanaro,mg,278.81,58,86,10.19,1622314484
119,88.03596447293876,-46.295445645650716,busselton,au,283.45,93,100,12.76,1622314484
120,63.07859608629025,61.22629124257833,pionerskiy,ru,287.42,89,100,1.81,1622314484
121,-22.637435505370263,-75.29890138591256,ushuaia,ar,237.27,81,4,2.33,1622314485
122,33.49124746133381,-66.25880791064148,port elizabeth,za,260.85,94,100,8.34,1622314485
123,22.505067187787574,83.98819072379507,longyearbyen,sj,272.69,92,14,4.58,1622314486
124,-91.21716189943936,-56.81852288889733,punta arenas,cl,276.34,95,100,14.11,1622314486
125,-67.52704869975713,73.73214171370276,clyde river,ca,273.18,89,100,5.72,1622314487
126,178.97403858879545,-77.3611109467751,kaitangata,nz,258.62,95,100,12.41,1622314487
127,151.50765430021744,-1.671864307395765,kavieng,pg,301.48,79,100,8.56,1622314487
128,-119.96732128396563,2.4212081627083393,atuona,pf,299.15,72,2,7.23,1622314488
129,12.015534191718643,-83.60433338708772,hermanus,za,219.93,81,3,5.26,1622314488
130,-179.7326154189415,39.64147948743113,provideniya,ru,283.87,72,100,11.91,1622314489
131,-158.64235623312294,-53.94873833618648,mataura,pf,278.45,73,100,5.35,1622314489
132,-95.31099150335895,34.68873227053997,paris,us,294.74,53,0,3.1,1622314490
133,118.34924751167569,-46.410512655368,albany,au,280.27,68,1,8.9,1622314490
134,155.37081112922584,19.123223161551664,katsuura,jp,300.79,73,0,7.35,1622314491
135,127.87391847259295,74.86530221889976,tiksi,ru,273.41,87,100,8.6,1622314491
136,133.61474985984427,31.366560538432296,nakamura,jp,296.06,58,100,4.33,1622314491
137,65.47909347058084,-84.5925332648653,taolanaro,mg,216.54,98,13,5.57,1622314492
138,91.80594149996892,-53.944783562885355,busselton,au,277.09,96,100,13.34,1622314492
139,70.1285490546162,64.59788174477342,yar-sale,ru,284.55,93,100,5.14,1622314493
140,-44.05520141252012,18.341112701401784,sinnamary,gf,297.78,74,0,8.33,1622314493
141,-112.94794947662237,29.139956294585204,santa isabel,mx,295.11,62,23,5.56,1622314493
142,7.15876202440802,-0.275229930299119,port-gentil,ga,299.67,84,27,4.11,1622314494
143,9.181094130374959,-86.35721925906483,hermanus,za,220.69,75,10,5.48,1622314494
144,134.70128394646548,73.04902768828174,nizhneyansk,ru,272.11,92,41,4.63,1622314495
145,73.14592484975438,-56.59526800088516,saint-philippe,re,273.62,79,100,18.36,1622314495
146,109.98447568989093,-25.544683536522115,carnarvon,au,293.48,57,0,9.14,1622314495
147,-167.32429924802688,44.19293117423757,bethel,us,280.53,84,100,12.56,1622314496
148,127.66519939559498,10.397785995403652,pilar,ph,301.3,74,95,0.51,1622314496
149,38.02592002827495,13.859144924556261,aksum,et,302.57,17,72,8.76,1622314497
150,29.16956046120424,-71.9453364295019,port elizabeth,za,247.05,96,100,7.76,1622314497
151,167.10770138674604,31.975964763240142,severo-kurilsk,ru,295.21,91,5,3.48,1622314497
152,145.0517676894204,11.167324567656024,airai,pw,301.43,81,89,9.76,1622314498
153,8.866782255203503,-38.032001853758985,saldanha,za,287.96,93,100,7.87,1622314498
154,18.800203956725767,8.673620310085838,sarh,td,305.94,31,100,0.93,1622314499
155,-91.48418906538727,81.49558715624343,qaanaaq,gl,272.27,80,100,7.66,1622314499
156,-71.58778469750065,36.49729426933173,brigantine,us,296.75,88,0,11.03,1622314500
157,57.820050475818334,-47.11418770994313,taolanaro,mg,277.57,70,100,8.7,1622314500
158,-93.5864557943485,32.762129499983104,bossier city,us,299.14,50,4,2.45,1622314500
159,-125.21903484119127,85.88153655153079,tuktoyaktuk,ca,272.08,83,41,6.28,1622314501
160,-170.36248812940804,-7.229057491046859,saleaula,ws,301.76,69,61,8.29,1622314501
161,-15.382628692582642,69.49642073440046,husavik,is,275.78,98,100,8.57,1622314502
162,47.59497841137045,13.629138074273726,aden,ye,304.16,63,2,5.82,1622314503
163,159.16628771400468,60.77371278939859,evensk,ru,276.74,80,100,2.85,1622314503
164,-16.016299259973863,-64.68825148826465,cape town,za,266.45,94,100,7.54,1622314504
165,55.69794641232281,68.17505393286325,iskateley,ru,272.3,78,86,8.25,1622314504
166,173.65328751024305,-50.374861409538376,dunedin,nz,281.58,97,100,7.53,1622314505
167,-17.733637609812973,28.646161924411615,santa cruz de la palma,es,294.38,68,20,5.66,1622314505
168,29.654273164246234,-41.630632588431084,port alfred,za,280.57,66,100,5.28,1622314506
169,173.70206509970012,50.88668222423573,nikolskoye,ru,277.84,94,100,8.84,1622314506
170,49.04587883959206,20.538862744081896,abu samrah,qa,309.73,9,4,4.28,1622314506
171,-123.27499501212277,49.20451548697784,vancouver,ca,292.45,69,20,3.6,1622314507
172,127.72872435563869,18.750013941776146,dicabisagan,ph,302.28,74,100,2.0,1622314507
173,57.77336026920287,68.86668983727344,usinsk,ru,272.56,94,99,12.39,1622314508
174,156.19029319200678,14.585149294632487,kavieng,pg,300.97,77,100,9.29,1622314508
175,-67.7249399606565,-86.7634135714223,ushuaia,ar,234.84,83,5,9.35,1622314509
176,47.43863924810634,36.87939912898973,takab,ir,291.97,22,0,3.82,1622314509
177,142.4132954954789,51.858362033314535,nogliki,ru,277.17,92,100,3.56,1622314509
178,53.97724044784448,24.642178477145933,abu dhabi,ae,305.2,71,0,5.04,1622314510
179,33.99982955803321,-25.530111377298468,xai-xai,mz,296.87,71,12,2.87,1622314510
180,-25.29664309181436,78.24698183914037,illoqqortoormiut,gl,272.49,78,60,5.98,1622314511
181,146.6187161858984,89.5685344143526,chokurdakh,ru,273.08,87,34,5.09,1622314511
182,-103.57797978050993,-33.514461170577356,lebu,cl,291.88,94,100,7.54,1622314512
183,86.42262485926324,-61.2489488314461,busselton,au,270.02,95,100,8.47,1622314512
184,-68.45270069802504,-5.749600225019535,jutai,br,305.12,52,52,0.56,1622314513
185,130.3917788845647,-79.54876211999479,new norfolk,au,232.46,90,69,7.27,1622314513
186,-26.932068013599576,-87.77341219328483,ushuaia,ar,226.15,76,41,6.45,1622314513
187,-36.67645493158716,-19.86786066967572,conceicao da barra,br,299.04,80,0,6.02,1622314514
188,-178.25039327265873,-8.96266399615898,vaitupu,wf,301.57,78,100,7.65,1622314514
189,-117.2901681231536,-30.9248564549884,rikitea,pf,294.21,83,100,16.88,1622314515
190,95.89259094315776,-66.61806737285369,busselton,au,261.93,78,100,5.16,1622314515
191,-27.151860388835757,54.04959659155861,grindavik,is,284.01,99,100,8.83,1622314515
192,175.88396807613827,26.681092117004894,butaritari,ki,298.21,80,80,5.53,1622314516
193,160.46138247097002,6.450064551632124,butaritari,ki,300.55,83,73,10.88,1622314516
194,173.42302624612415,20.198491898302038,butaritari,ki,299.26,73,22,6.41,1622314517
195,2.5944128498094585,-26.45094443098813,walvis bay,na,293.06,76,93,5.44,1622314517
196,-153.22912950764197,-3.9794057210983027,faanui,pf,300.5,78,60,6.14,1622314518
197,74.37721016391069,10.345096862281778,ponnani,in,301.85,75,100,7.34,1622314518
198,-152.99041094997028,49.7406630923916,kodiak,us,280.79,95,100,6.83,1622314518
199,107.13485956171121,4.401930353228309,kerteh,my,302.38,73,90,3.68,1622314519
200,-134.6841402783124,-11.191836248337609,atuona,pf,299.01,71,16,3.63,1622314520
201,121.33711040150337,73.48838601973185,zhigansk,ru,272.89,91,100,6.34,1622314520
202,-42.7695120007935,-74.57708676380716,ushuaia,ar,234.81,100,99,3.87,1622314520
203,177.80445950895677,59.60518224157383,beringovskiy,ru,276.05,85,86,11.42,1622314521
204,31.479881206518797,-9.531359614123588,mungwi,zm,286.53,61,31,1.04,1622314521
205,-72.9106888833579,56.73815681807443,chapais,ca,279.31,51,84,5.99,1622314522
206,176.21367985009675,38.819459335409334,nikolskoye,ru,285.0,71,43,8.4,1622314522
207,-150.4923200504843,55.097030798975396,kodiak,us,280.44,98,100,5.25,1622314522
208,-37.58781068503998,36.11084596965583,ribeira grande,pt,292.52,63,5,2.62,1622314523
209,-119.77032151872694,-12.36636931233231,rikitea,pf,297.94,75,2,5.02,1622314523
210,36.497979701689474,-43.895361623803375,east london,za,277.76,60,100,7.99,1622314524
211,-87.81737987978076,64.40837686148822,attawapiskat,ca,273.39,99,100,3.08,1622314524
212,176.29397667541951,-73.56020315139847,kaitangata,nz,253.92,88,100,7.47,1622314525
213,30.98511598404096,-25.44844220844108,nelspruit,za,290.79,63,0,0.91,1622314525
214,95.05241209135772,-76.60690567000374,albany,au,235.08,96,100,8.3,1622314525
215,-113.2998109468181,-5.948978538124749,puerto ayora,ec,298.9,70,2,7.73,1622314526
216,60.81599554443298,-71.50180184097746,taolanaro,mg,227.62,83,17,7.05,1622314526
217,19.395967867502236,-79.05794558921886,bredasdorp,za,217.19,99,47,5.97,1622314527
218,162.8888354344228,-86.45084119274324,bluff,nz,228.3,100,96,3.11,1622314527
219,120.67094067843391,42.8558258934429,beipiao,cn,289.94,37,100,4.25,1622314528
220,101.5934044862068,-55.17145085563869,busselton,au,274.54,86,100,4.66,1622314528
221,-62.93193720612119,-0.8191918292912561,barcelos,br,301.73,73,57,1.02,1622314529
222,33.04328684386783,-61.24863064362241,port elizabeth,za,268.97,68,100,8.53,1622314529
223,-124.86709554735087,84.58789085796215,tuktoyaktuk,ca,271.65,85,100,7.43,1622314530
224,171.15558472683006,81.92981280712277,pevek,ru,269.82,91,12,3.94,1622314530
225,81.41008630514182,7.3825572742854035,amparai,lk,298.18,83,100,1.48,1622314530
226,-100.42439184152278,-61.02544343336853,punta arenas,cl,275.36,90,100,14.45,1622314531
227,122.30508245896834,-24.202594070722498,port hedland,au,292.28,23,100,2.79,1622314531
228,-107.0599496232233,-51.52811538290461,castro,cl,280.63,88,100,12.03,1622314532
229,155.11987511159924,-8.262494093922285,buin,pg,299.53,85,100,4.86,1622314532
230,84.92154692610393,-45.68329051425097,busselton,au,283.81,93,100,12.69,1622314532
231,-149.70735309958803,-60.293204143924456,mataura,pf,273.28,93,100,6.82,1622314533
232,-113.08127207412956,62.01524828519308,yellowknife,ca,279.51,59,8,3.34,1622314533
233,-36.52493986020772,22.86168310043294,ponta do sol,cv,296.48,72,94,6.29,1622314533
234,-82.24394039590828,-80.16503006491463,ushuaia,ar,247.95,80,26,4.64,1622314534
235,-102.25398346456676,-33.38419247611873,lebu,cl,292.1,94,100,7.04,1622314535
236,-108.13186218696178,-48.2652747662189,castro,cl,281.72,84,46,13.19,1622314536
237,88.02542901854986,24.933901983857297,ingraj bazar,in,301.57,74,87,2.61,1622314536
238,109.70291533149958,67.3733108460996,aykhal,ru,282.23,64,24,4.77,1622314536
239,-164.67430605925327,65.2521102888266,nome,us,280.1,41,0,5.74,1622314537
240,-0.15937311406639765,4.877763274750265,winneba,gh,301.25,79,100,3.73,1622314537
241,-112.17644856412848,-85.22483797723562,punta arenas,cl,241.78,100,99,3.39,1622314538
242,-1.2855097835484912,-34.94432501325846,luderitz,na,290.44,83,0,7.72,1622314538
243,-42.93649958058728,64.97972034810482,qaqortoq,gl,261.26,95,100,11.83,1622314538
244,54.76260665920057,-86.3561896481713,port alfred,za,217.65,94,18,5.24,1622314539
245,-155.71371345444533,-2.1503432437358754,faanui,pf,300.35,79,100,7.1,1622314539
246,-131.39704538851828,61.62106066575964,whitehorse,ca,280.64,50,92,5.17,1622314540
247,-61.956473890913315,76.01171369453579,upernavik,gl,273.19,89,6,5.46,1622314540
248,61.059768686400275,-12.106851468726958,cap malheureux,mu,300.26,65,97,9.67,1622314541
249,-160.40778425754723,-51.07913385123499,mataura,pf,280.66,62,100,5.07,1622314541
250,82.07785561759454,55.2621419622526,chik,ru,283.91,63,52,2.2,1622314542
251,71.92849487977367,10.625995494950402,kavaratti,in,301.82,75,71,7.24,1622314542
252,76.97878196179312,39.69613127338832,kashi,cn,301.35,16,21,3.36,1622314542
253,-133.96132412201615,-53.57926052567334,rikitea,pf,277.32,93,100,15.71,1622314543
254,4.734175861610396,32.611763131256254,warqla,dz,307.69,14,19,6.5,1622314543
255,141.37594052942376,-70.71758839983829,hobart,au,233.82,64,13,8.99,1622314544
256,-86.53635806114666,38.838534225863214,bedford,us,288.42,69,100,0.89,1622314544
257,6.13759158514091,-10.778981892838488,luanda,ao,297.27,79,5,6.75,1622314544
258,-8.164981958592733,65.2890484738019,vestmanna,fo,278.7,92,2,7.59,1622314545
259,-169.87390779971292,-75.67422997781524,vaini,to,260.54,94,100,6.42,1622314545
260,54.55358959214598,-68.86315032941457,taolanaro,mg,235.35,73,99,4.31,1622314546
261,15.957037525599816,79.52865058036008,longyearbyen,sj,267.41,86,38,3.16,1622314546
262,-75.19269394485245,40.190246172776796,horsham,us,283.7,92,90,0.89,1622314546
263,-136.72351833018726,-54.67019783398969,rikitea,pf,275.59,97,100,16.14,1622314547
264,5.724451462467613,-17.15630951522901,namibe,ao,294.25,82,100,9.86,1622314547
265,17.361457827177787,-15.567363967495325,menongue,ao,288.4,32,0,1.99,1622314548
266,-103.16615688386607,57.62778477202929,flin flon,ca,280.61,76,100,7.94,1622314548
267,-122.85721004995989,-71.22954178408705,rikitea,pf,270.46,90,100,5.17,1622314548
268,77.31080444189655,29.872182410506852,ambahta,in,301.77,59,0,3.68,1622314549
269,-171.7902550358365,89.46189406180366,mys shmidta,ru,273.18,87,87,4.84,1622314549
270,-156.65148080414278,86.77877938428131,barrow,us,272.29,88,16,4.58,1622314549
271,76.07500404028934,52.37679263140956,kachiry,kz,288.68,40,0,5.31,1622314550
272,65.53319054167821,21.64178665930828,keti bandar,pk,301.39,85,28,9.76,1622314550
273,27.043061471786473,8.57554641253931,uwayl,sd,302.97,39,39,1.82,1622314551
274,-82.29621322940139,-67.0907414560786,punta arenas,cl,256.92,97,98,4.71,1622314551
275,-23.032854574342338,61.3859216510389,grindavik,is,281.34,91,100,17.33,1622314551
276,75.07435424588041,-19.780077836141956,grand river south east,mu,297.64,62,16,9.45,1622314552
277,-179.2337857915056,-10.187910143461352,vaitupu,wf,301.88,76,20,6.07,1622314552
278,-24.260169431079902,-64.2949349384277,chuy,uy,266.08,95,100,7.26,1622314553
279,-9.71084864743122,-22.167963155033092,jamestown,sh,296.36,78,84,8.77,1622314553
280,90.83970636865308,-72.24691601717403,busselton,au,240.61,98,100,6.95,1622314554
281,-123.09417869229166,-13.987475350551662,rikitea,pf,298.23,68,13,3.0,1622314554
282,-47.23122270780411,-28.741064353381404,imbituba,br,293.58,67,2,9.0,1622314554
283,-96.89505760814298,-84.85134496595046,punta arenas,cl,235.61,100,98,1.98,1622314555
284,53.29979348521823,33.1669870710746,ardistan,ir,304.02,11,0,3.4,1622314555
285,-72.23845756492801,37.105145616467254,brigantine,us,296.25,86,4,9.72,1622314556
286,-66.40545207887456,35.8306142139741,saint george,bm,295.15,88,0,7.58,1622314556
287,95.51518960764832,46.37583700633644,erzin,ru,289.55,31,69,12.7,1622314556
288,-95.03620907787379,22.92466170949575,miramar,mx,301.01,78,1,4.82,1622314557
289,-168.560773837142,-50.00756511683773,vaini,to,282.82,83,100,3.1,1622314557
290,-118.0333919699801,-21.868954728491403,rikitea,pf,297.82,84,51,6.62,1622314558
291,-32.02915447986109,27.608056680405937,ribeira grande,pt,294.96,74,1,7.45,1622314558
292,-24.70815866127171,83.07988745795174,illoqqortoormiut,gl,269.83,75,76,2.8,1622314559
293,28.924757782959148,33.609816011445304,karpathos,gr,294.8,77,0,5.11,1622314559
294,-60.672225564174056,33.29911544093409,saint george,bm,296.75,74,0,3.55,1622314559
295,68.35809313138546,71.83709462099628,aksarka,ru,272.06,96,100,12.9,1622314560
296,172.56568087789157,22.087698017177146,butaritari,ki,299.07,75,100,6.55,1622314560
297,-64.30433969036876,-74.9388955665374,ushuaia,ar,248.05,43,49,4.6,1622314561
298,-54.15655702628189,-77.95008708466968,ushuaia,ar,240.6,74,100,3.75,1622314561
299,26.599391967469728,6.326086745195539,obo,cf,297.8,65,57,1.63,1622314561
300,158.97666453065125,41.73837092509302,severo-kurilsk,ru,283.22,91,100,8.41,1622314562
301,-95.51652923061725,-40.23607385843543,ancud,cl,287.3,93,100,6.15,1622314562
302,97.68081222724857,-43.764391516578414,busselton,au,283.84,93,0,10.28,1622314563
303,-148.87769369974288,51.4405935537996,kodiak,us,280.46,87,99,6.44,1622314563
304,-7.559650775195678,88.67184354677758,illoqqortoormiut,gl,273.15,84,31,5.54,1622314564
305,86.62847859254447,71.71647062284822,dudinka,ru,269.68,97,69,3.19,1622314564
306,-108.67230113941498,-57.16353167457425,castro,cl,278.32,95,100,10.7,1622314564
307,165.65036150388676,8.095977254436775,butaritari,ki,300.88,80,87,9.49,1622314565
308,-84.04025975223249,58.77208577110986,attawapiskat,ca,275.21,84,91,6.87,1622314565
309,146.135972146913,5.007811931983014,lorengau,pg,301.59,78,100,6.5,1622314566
310,-9.722282434026113,-80.97251875789709,cape town,za,221.91,83,5,4.74,1622314566
311,-164.64850557161373,-4.234017774840666,samusu,ws,301.18,73,58,8.23,1622314566
312,105.0370467701531,-21.495332061623316,carnarvon,au,294.87,59,100,10.65,1622314567
313,-121.79506800564295,-23.316064558571455,rikitea,pf,297.22,73,43,7.66,1622314567
314,147.70458284166762,-79.03810781250026,hobart,au,231.69,73,6,10.47,1622314568
315,131.09986491441788,-3.1472255086434586,amahai,id,300.94,81,100,8.73,1622314568
316,29.825293834537206,-45.21079628637949,port alfred,za,276.84,73,100,8.06,1622314568
317,26.932515005071735,42.77016479007821,karnobat,bg,292.1,85,13,1.34,1622314569
318,144.92970122841115,89.32891918785222,chokurdakh,ru,273.15,87,42,5.05,1622314569
319,44.60085906728477,75.31702018214082,belushya guba,ru,272.62,76,100,6.99,1622314570
320,-26.00035057384423,-56.41119149322573,chuy,uy,272.45,89,100,9.65,1622314570
321,-44.918733921808666,-48.28780988088914,mar del plata,ar,278.72,68,100,6.37,1622314570
322,-156.17579016474144,-19.290088542095646,avarua,ck,298.71,65,9,5.03,1622314571
323,120.16179321772199,70.99460695435792,zhigansk,ru,275.45,80,13,5.06,1622314571
324,-16.699979714082104,-10.16836303690016,georgetown,sh,298.58,71,0,9.7,1622314571
325,177.63820625997948,20.292802367115826,butaritari,ki,299.11,71,6,6.36,1622314572
326,113.68678133665065,11.539697897520384,cam ranh,vn,302.48,70,100,3.06,1622314572
327,91.45278497774927,77.2479106978742,talnakh,ru,273.65,92,100,4.73,1622314573
328,-0.6630345026028692,78.76306544603281,barentsburg,sj,273.57,86,99,3.53,1622314573
329,-42.19382102936757,26.67769942738333,ribeira grande,pt,297.28,75,11,5.07,1622314573
330,-32.93240102995449,54.649933882890366,tasiilaq,gl,280.62,69,100,8.36,1622314574
331,148.10676865071815,-63.46845718459409,hobart,au,264.7,94,100,7.04,1622314574
332,48.421558025882945,45.88578948062215,kirovskiy,ru,295.16,79,1,3.78,1622314575
333,-178.6760208517216,-80.41538711497351,vaini,to,262.04,94,100,9.65,1622314575
334,-172.02880632655993,69.51874919339022,lavrentiya,ru,272.88,86,100,4.45,1622314575
335,34.00768832514876,54.37879788459307,spas-demensk,ru,283.09,94,92,4.35,1622314576
336,58.43144336077751,80.58140413499774,belushya guba,ru,272.23,97,100,3.43,1622314576
337,85.7581363108381,-85.15305988262884,busselton,au,215.49,96,38,5.39,1622314577
338,177.5380749692186,15.303473876044933,butaritari,ki,299.44,79,91,7.28,1622314577
339,161.45295575020901,-32.38623528338911,sawtell,au,288.95,66,92,19.76,1622314577
340,-144.41714759459322,-55.516991626779834,mataura,pf,274.08,76,100,12.69,1622314578
341,-18.757847094332703,-36.07635825160249,jamestown,sh,289.92,88,15,8.21,1622314578
342,-173.90961130554996,54.511042536270935,provideniya,ru,279.08,87,0,11.99,1622314578
343,-22.461668975750655,-11.076022395661838,georgetown,sh,299.35,69,63,8.93,1622314579
344,125.09768567530574,-72.0429173365305,new norfolk,au,235.37,59,99,5.21,1622314579
345,126.98277065050246,-9.54827727058563,atambua,id,299.88,69,36,5.58,1622314580
346,-24.68634025676181,-64.5066713959967,chuy,uy,265.05,95,100,6.86,1622314580
347,-76.75098732374992,21.734867869601345,manati,cu,299.49,77,0,5.98,1622314580
348,-101.04450944909485,-31.948616972138105,lebu,cl,293.02,90,100,11.59,1622314581
349,33.26548078989035,-31.481722027516582,durban,za,294.29,64,97,8.01,1622314581
350,-60.61628085906587,-83.36482990394194,ushuaia,ar,231.95,81,16,1.02,1622314582
351,-63.39859932724394,-39.08717842013782,bahia blanca,ar,285.37,29,22,7.2,1622314582
352,28.158851863133492,61.4735530598507,lappeenranta,fi,284.29,64,8,3.24,1622314582
353,1.2161418733667517,30.74194608647565,adrar,dz,310.53,10,23,5.04,1622314583
354,-37.745007780196005,43.45242360538825,ribeira grande,pt,290.4,91,100,11.73,1622314583
355,-133.43883508827776,-7.076619237144669,atuona,pf,300.25,71,68,6.29,1622314584
356,-15.033440800430867,-70.56779072716064,cape town,za,257.92,98,100,3.38,1622314584
357,-68.04974592693537,-29.63856715535698,la rioja,ar,289.5,37,0,3.32,1622314584
358,177.23819156100484,-19.880061690673898,isangel,vu,297.48,61,5,4.75,1622314586
359,23.722294710503206,-72.30878316406064,bredasdorp,za,237.32,72,100,7.26,1622314586
360,-101.84486448332933,35.8307220300632,dumas,us,296.88,56,40,7.61,1622314587
361,-77.4806856926266,-72.47952508668212,ushuaia,ar,249.46,77,97,2.34,1622314587
362,-68.27549533413739,53.97796907102,port-cartier,ca,278.21,56,67,5.59,1622314587
363,-10.652642294382645,-41.692383278868576,jamestown,sh,286.33,89,95,12.68,1622314588
364,-59.27780192014713,75.07945333099224,upernavik,gl,273.1,92,8,6.27,1622314588
365,101.72167918986224,-18.003244998570025,palabuhanratu,id,296.68,66,100,10.19,1622314589
366,-136.29582784297438,-79.95989607754929,rikitea,pf,265.58,94,100,4.68,1622314589
367,111.35407456284474,10.721664080970541,cam ranh,vn,302.23,73,100,5.6,1622314589
368,2.4602882721680146,82.159858053014,barentsburg,sj,272.91,76,100,2.78,1622314590
369,-173.54571688341687,-55.22125470409545,vaini,to,280.21,81,100,4.45,1622314590
370,-168.1986720478355,-7.644275313268523,lufilufi,ws,301.78,71,92,8.05,1622314591
371,-44.811365399732466,-26.641386664400187,sao sebastiao,br,295.41,89,1,5.07,1622314591
372,18.496392540128,-85.3296661869483,bredasdorp,za,219.52,80,6,4.57,1622314591
373,-63.3419516078839,81.09928634081248,narsaq,gl,267.35,89,99,3.43,1622314592
374,165.75693161481178,32.05208630978245,severo-kurilsk,ru,295.02,91,0,2.88,1622314592
375,-80.74738884132623,-53.35557467443292,punta arenas,cl,277.21,64,100,3.26,1622314593
376,-25.443101623063768,9.401628375214955,sao filipe,cv,297.66,81,100,7.52,1622314593
377,32.39505424682875,-43.26351861497565,port alfred,za,278.61,67,100,7.03,1622314593
378,-21.922139434087654,52.13097852698172,vestmannaeyjar,is,284.68,89,100,9.1,1622314594
379,-84.59816279898855,57.76152456553723,attawapiskat,ca,275.91,81,51,6.31,1622314594
380,-97.27004195736137,69.00876796580721,thompson,ca,271.54,85,14,3.71,1622314595
381,2.5193491695639523,41.63554902925105,arenys de mar,es,299.09,74,99,0.88,1622314595
382,39.38686775828475,-1.1244260104650152,garissa,ke,299.1,63,89,7.23,1622314595
383,-21.841690317635937,83.26902910045678,illoqqortoormiut,gl,272.77,84,31,2.61,1622314596
384,51.27458023486861,42.36225197080478,kuryk,kz,291.97,79,0,4.28,1622314596
385,-116.91940730886533,49.46454847423894,nelson,ca,282.45,32,10,1.19,1622314597
386,82.53837105092663,68.0685265448898,karaul,ru,263.28,95,22,2.91,1622314597
387,37.35561652062208,19.713114229274467,sawakin,sd,302.75,81,0,5.12,1622314597
388,156.0528390159359,21.14719336424207,katsuura,jp,300.37,73,0,7.15,1622314598
389,68.10370905899944,-19.997735815738892,grand river south east,mu,297.49,71,100,8.67,1622314598
390,-160.31894963214938,35.14258668367354,kapaa,us,291.1,74,100,7.91,1622314599
391,-138.30267055769673,64.57133749292254,mayo,ca,270.1,89,99,1.83,1622314599
392,-45.1232407860615,66.35323677691528,qaqortoq,gl,261.8,79,100,13.38,1622314599
393,-175.59431488960442,17.975368560367244,kapaa,us,299.24,77,13,6.59,1622314600
394,-130.97049564914246,64.12205872289383,norman wells,ca,271.11,98,100,2.42,1622314600
395,-66.7486462605593,12.558458150978169,kralendijk,an,299.91,75,60,8.02,1622314601
396,137.53681527758692,-35.46324535892269,victor harbor,au,286.41,58,0,5.56,1622314601
397,-82.07603021430586,36.45877025601165,elizabethton,us,290.75,75,90,1.69,1622314602
398,-18.71635714006672,-81.65284497525673,ushuaia,ar,229.03,70,1,9.01,1622314602
399,-166.26631595913173,-84.05508571103249,mataura,pf,261.23,86,100,8.8,1622314602
400,79.43783744892278,-21.700082176021837,grand river south east,mu,296.15,77,85,12.27,1622314603
401,73.61398603383881,-1.4178054336149302,hithadhoo,mv,301.2,75,84,6.95,1622314603
402,-72.85169180489058,25.752873370515843,cockburn town,bs,298.48,68,2,2.63,1622314603
403,-69.1989133756851,-19.668420952958158,iquique,cl,282.55,24,89,5.62,1622314604
404,9.05872906154076,-88.33652076264853,hermanus,za,224.02,79,30,6.03,1622314604
405,-142.51708947947472,-5.545235548146806,atuona,pf,300.48,78,100,8.17,1622314605
406,-78.26534006087137,40.89863001306139,altoona,us,282.41,92,100,0.45,1622314605
407,18.904350700208425,79.65982385640595,longyearbyen,sj,271.3,84,60,1.11,1622314606
408,109.22646614613302,-39.71164467592425,busselton,au,285.54,76,0,10.64,1622314606
409,-127.64696289088401,-9.169964825623893,atuona,pf,299.74,69,87,4.95,1622314606
410,92.48451218760187,-21.947670450726974,labuhan,id,293.63,71,100,11.13,1622314607
411,9.15686941447808,-84.71356147972635,hermanus,za,220.17,85,5,5.41,1622314607
412,-45.47897697148369,17.676360402740045,sinnamary,gf,298.08,78,1,8.67,1622314608
413,168.1132553583243,79.37865903555291,pevek,ru,273.13,87,100,7.39,1622314608
414,166.59530111384453,-15.394611497995669,luganville,vu,297.46,74,97,3.49,1622314608
415,82.71735415014092,-17.123117626751167,hithadhoo,mv,297.24,68,28,10.11,1622314609
416,140.83302475550101,47.16972429617846,nevelsk,ru,279.58,91,100,11.16,1622314609
417,45.58952023846621,88.10970893578065,belushya guba,ru,272.93,84,100,6.14,1622314610
418,-154.1906867679103,-89.76092377259035,mataura,pf,224.78,98,45,5.4,1622314610
419,115.00065783004845,42.79753373287977,zhangjiakou,cn,285.31,50,8,1.33,1622314610
420,-73.43386786050304,-39.12900721145032,carahue,cl,283.27,64,100,2.31,1622314611
421,122.42654455875197,62.60122336934589,kysyl-syr,ru,283.31,57,78,2.01,1622314611
422,179.78941681323255,-23.394148749286572,isangel,vu,296.98,72,5,6.61,1622314612
423,4.256624747003798,63.53338891931136,raudeberg,no,282.36,88,7,3.36,1622314612
424,97.46775882851972,-2.475360063506855,padang,id,301.79,75,19,4.65,1622314613
425,138.82660032842983,-71.9448143672278,hobart,au,230.16,77,14,6.36,1622314613
426,3.258143943965621,-78.08075946292276,hermanus,za,213.94,100,62,3.92,1622314613
427,48.93648051995115,-56.66306871440827,tsihombe,mg,272.82,82,100,5.65,1622314614
428,-64.92707385544605,-12.001612484627302,rodrigues alves,br,306.62,39,100,1.49,1622314614
429,31.295886218826865,-75.1437199387362,port elizabeth,za,225.5,100,100,5.28,1622314615
430,-58.41406327980083,83.18059752520855,upernavik,gl,272.94,82,92,3.99,1622314615
431,76.9779730662961,71.12828272858565,tazovskiy,ru,268.61,91,100,5.72,1622314615
432,-109.99105091394901,-68.33321467829933,punta arenas,cl,266.21,96,100,4.19,1622314616
433,-97.28679260319532,-25.4458066793769,pisco,pe,293.78,69,83,7.03,1622314616
434,-175.73172632207246,18.053561361284977,kapaa,us,299.21,77,12,6.68,1622314617
435,-8.550000797967868,47.75272019901365,penzance,gb,286.48,86,100,5.98,1622314617
436,52.817638290483075,29.559819543502783,shiraz,ir,298.26,12,0,2.51,1622314617
437,77.26472190588066,54.90093893425038,kupino,ru,287.67,54,100,6.0,1622314618
438,-121.82650181254078,40.7955997941927,shasta lake,us,298.28,13,61,1.32,1622314618
439,-173.00038026801204,-87.86692760093595,vaini,to,228.2,100,100,4.13,1622314619
440,-113.6651044110335,89.76874122063714,yellowknife,ca,273.18,87,100,5.06,1622314619
441,170.344809530977,14.678072982069978,butaritari,ki,300.05,74,23,8.26,1622314619
442,-38.39495588742591,0.4681976810396691,itarema,br,300.08,80,100,4.12,1622314620
443,26.624608902236304,89.32517912824588,longyearbyen,sj,273.11,83,100,5.08,1622314620
444,-137.61409992156968,-58.532837417469054,rikitea,pf,273.47,91,100,14.07,1622314621
445,-123.91342019020095,-31.976206660971087,rikitea,pf,290.95,74,100,7.78,1622314621
446,-53.29557024563486,-4.337193073790772,altamira,br,306.07,42,44,1.31,1622314621
447,-62.77224149484141,80.86690731503876,narsaq,gl,269.61,89,99,1.82,1622314622
448,126.56372395596748,66.92639661699667,sangar,ru,275.66,70,25,2.95,1622314622
449,-96.47866087283805,22.755818072268838,miramar,mx,301.28,79,5,5.61,1622314623
450,57.21159035069479,-14.686484224972261,cap malheureux,mu,299.47,73,9,9.03,1622314623
451,118.4878218654373,34.78413058876349,linshu,cn,291.44,73,0,3.03,1622314624
452,98.86473640662501,55.213153602818096,uk,ru,272.21,85,95,1.95,1622314624
453,160.57917121603919,-56.664316736574484,tuatapere,nz,275.66,98,100,11.26,1622314624
454,153.07093972435092,8.884323421663979,kavieng,pg,301.06,78,100,7.22,1622314625
455,155.788238541191,-57.422931114749886,tuatapere,nz,275.31,90,59,7.49,1622314625
456,-89.811693591087,81.21767105947029,qaanaaq,gl,271.08,80,100,2.69,1622314626
457,68.05367840117617,-50.946792562470854,saint-philippe,re,275.9,74,100,9.53,1622314626
458,-31.881698900548173,-3.021156403405513,touros,br,300.89,74,31,8.01,1622314627
459,-44.37080482956597,-42.34486117640166,chuy,uy,283.57,67,100,14.88,1622314627
460,37.302048772758326,-86.15851158380559,port elizabeth,za,221.21,81,15,6.79,1622314627
461,-125.30627376976402,86.7118910150524,tuktoyaktuk,ca,272.18,85,25,5.63,1622314628
462,105.24643328443693,-74.30118124477941,albany,au,242.01,97,100,7.83,1622314628
463,116.61459460816121,-31.920014549808258,northam,au,283.42,93,4,3.15,1622314628
464,-72.79153084389729,-10.17745784194588,porto walter,br,306.58,37,77,1.72,1622314629
465,67.40568986350038,59.17990492728458,kondinskoye,ru,289.27,76,10,3.69,1622314629
466,-35.35869332903306,86.99523551111429,illoqqortoormiut,gl,273.08,83,42,2.78,1622314630
467,-101.74934637453,10.300209680537165,acapulco,mx,298.66,86,100,3.67,1622314630
468,-46.017250773362036,4.0851227073585505,salinopolis,br,300.98,73,44,3.79,1622314631
469,92.12859423652179,73.49703324820535,talnakh,ru,274.12,95,100,7.71,1622314631
470,19.506412605998975,43.98352207784083,bajina basta,rs,286.64,66,0,1.6,1622314631
471,41.42699135594947,-7.878230307242035,kilindoni,tz,299.3,77,1,5.11,1622314632
472,-144.48271121267484,-60.49598643416029,mataura,pf,272.68,93,100,4.35,1622314632
473,95.29132767736502,-83.9030351185097,albany,au,216.83,95,16,5.7,1622314633
474,3.2403383515148505,19.020940607783984,kidal,ml,309.53,6,100,3.34,1622314633
475,62.054518994649044,-43.29283016135702,saint-philippe,re,288.25,91,100,17.67,1622314633
476,-123.18734942681124,-77.86487177227274,rikitea,pf,256.52,81,100,5.14,1622314634
477,114.85146606584465,52.36794943450673,verkh-usugli,ru,276.54,68,95,2.03,1622314634
478,137.73702092841296,25.407250784455726,shingu,jp,300.65,80,96,5.8,1622314635
479,137.38092854360536,-58.24096175246837,new norfolk,au,274.79,80,100,6.69,1622314635
480,-34.4475825793611,-61.29466355867004,mar del plata,ar,270.52,97,100,6.04,1622314635
481,-28.50070622227807,35.338855296805306,ribeira grande,pt,291.58,67,6,6.48,1622314636
482,-61.84265797742809,22.463379890089087,the valley,ai,299.64,73,74,4.79,1622314636
483,57.66258611197469,-51.93983504523519,taolanaro,mg,274.86,71,100,12.17,1622314637
484,117.36167995413717,-14.703154445226147,port hedland,au,300.5,62,99,4.36,1622314637
485,-27.316189047197753,72.6993280398726,illoqqortoormiut,gl,269.78,98,49,1.33,1622314637
486,-140.66606461516795,36.26226727012934,fortuna,us,292.24,83,100,10.36,1622314638
487,-49.80310773245205,-78.29586317179286,ushuaia,ar,240.85,71,100,2.71,1622314638
488,-130.750993172138,-33.61621482681052,rikitea,pf,288.0,64,100,6.08,1622314639
489,-26.181843619107582,9.27926116478811,sao filipe,cv,297.77,80,96,7.24,1622314639
490,-144.4886521578834,1.8477882436613982,atuona,pf,300.42,82,3,7.15,1622314639
491,-117.7795601943988,30.093669540969714,san quintin,mx,287.71,81,12,9.21,1622314640
492,61.743965337633796,-38.59773758445727,saint-philippe,re,290.25,90,100,12.41,1622314640
493,64.18536371972456,-55.52386929094234,taolanaro,mg,273.58,71,12,17.78,1622314641
494,-87.32480297067133,18.128707925913986,san pedro,bz,301.35,71,23,4.01,1622314641
495,-90.94388558581426,-67.61598868958194,punta arenas,cl,260.69,93,100,4.1,1622314641
496,-2.4268249121468273,42.47991696899686,logrono,es,293.38,70,40,3.6,1622314642
497,-42.708498362368516,68.89110663803558,tasiilaq,gl,265.76,80,43,7.53,1622314642
498,-125.43508203262286,-82.08241620035895,rikitea,pf,252.12,82,99,5.07,1622314643
499,-91.31492743979155,-81.55994837499995,punta arenas,cl,248.42,90,100,6.68,1622314643
500,172.75735295153652,45.388932553654115,nikolskoye,ru,278.74,81,100,9.31,1622314644
501,-4.3694606378240906,-39.681515346223684,saldanha,za,286.41,86,100,11.96,1622314644
502,66.02935523819818,-81.22241179253629,taolanaro,mg,220.8,100,100,6.04,1622314644
503,-80.97978814793817,9.947222942058644,palmas bellas,pa,300.27,80,100,3.94,1622314645
504,-66.7407807128583,18.890104456335777,hatillo,us,303.71,76,17,6.54,1622314645
505,161.172648382347,-31.497290065980486,ballina,au,288.74,68,90,18.47,1622314646
506,-110.82292007321409,-81.22191898773755,punta arenas,cl,247.45,100,99,6.57,1622314646
507,-175.773045009136,-27.948524387548744,vaini,to,294.71,78,0,10.37,1622314646
508,-74.37873901339562,-69.43499257313277,ushuaia,ar,246.74,100,100,3.03,1622314647
509,36.23316679996108,-20.29655736798385,beira,mz,297.88,62,0,6.06,1622314647
510,12.33908532177989,30.36689671094129,mizdah,ly,306.67,11,16,2.75,1622314648
511,-19.63281209913518,45.861560852654094,vila franca do campo,pt,288.48,92,100,3.51,1622314648
512,138.07883295284466,-83.18347977522347,hobart,au,226.04,81,35,6.95,1622314648
513,-96.78973107082383,-56.85168693993435,punta arenas,cl,278.27,96,100,11.06,1622314649
514,9.524848820103301,-75.75838126589568,hermanus,za,213.87,100,100,3.02,1622314649
515,173.5587407322298,84.12490977525002,pevek,ru,269.83,93,25,3.3,1622314650
516,6.329986423797266,5.315400970702385,ughelli,ng,298.66,90,75,1.61,1622314650
517,-83.03838639312997,54.57402858161504,attawapiskat,ca,294.57,24,97,9.83,1622314650
518,-160.11452790955997,-23.76333329239081,avarua,ck,295.97,55,87,6.57,1622314651
519,-42.56526108171016,-69.54795412015848,ushuaia,ar,260.44,99,100,3.07,1622314651
520,-26.559970442803973,-48.852831967400746,cidreira,br,278.76,89,100,2.98,1622314652
521,-119.77279526338639,-74.62867939204436,punta arenas,cl,263.26,95,100,3.74,1622314652
522,48.53844733414243,-69.91255028597126,east london,za,239.4,82,100,3.13,1622314652
523,-114.36958074601273,-55.281573664880405,rikitea,pf,279.16,95,100,13.31,1622314653
524,120.96588072181112,-64.3473016333545,albany,au,263.76,93,100,11.16,1622314653
525,62.98554877743422,30.77679412651345,rudbar,af,305.95,12,0,9.67,1622314654
526,-171.28499907668672,20.631664610184316,kapaa,us,298.34,74,81,2.99,1622314654
527,-96.58597347472225,-81.51734520148604,punta arenas,cl,246.5,97,94,6.12,1622314654
528,169.7135497166484,47.31244948800321,nikolskoye,ru,277.67,87,100,7.0,1622314655
529,-138.26955207482746,4.38478802736492,atuona,pf,301.09,75,5,7.6,1622314655
530,-171.90645364801478,62.92570236684412,provideniya,ru,274.25,84,13,10.71,1622314656
531,-68.13883977849532,66.7928390920398,pangnirtung,ca,270.77,86,7,7.14,1622314656
532,-17.327486640616087,45.54052972538409,muros,es,288.28,92,55,2.78,1622314656
533,67.2546612271826,28.95596537003793,bhag,pk,304.45,11,0,4.68,1622314657
534,-17.496424249331938,-54.17692248507673,arraial do cabo,br,274.74,89,38,9.02,1622314657
535,51.93861342057971,78.08451040071384,belushya guba,ru,272.12,97,100,3.25,1622314658
536,-34.9091695452141,-57.554764681263336,mar del plata,ar,272.91,80,100,6.39,1622314658
537,-156.82837609305676,-33.38078054066484,avera,pf,292.04,80,100,9.12,1622314659
538,65.85618739068434,-55.80874505734494,saint-philippe,re,273.56,73,28,18.44,1622314659
539,-16.410207185442886,-81.61667791303924,ushuaia,ar,226.8,75,0,8.37,1622314659
540,-33.940247177046444,-23.39619773553119,vila velha,br,297.81,85,4,7.97,1622314660
541,-50.4397517906591,-74.98348607935195,ushuaia,ar,231.12,100,100,2.26,1622314660
542,-91.15004063741773,0.17167873889550833,puerto ayora,ec,298.18,79,36,4.41,1622314660
543,-140.8424552139347,-31.02476878547163,rikitea,pf,292.42,78,0,8.89,1622314661
544,-136.22651002700707,-8.899877500236059,atuona,pf,300.53,70,10,4.94,1622314661
545,-169.70954767483494,83.33663640290749,mys shmidta,ru,270.05,92,9,3.91,1622314662
546,14.979363246815154,20.50049895868824,bilma,ne,308.44,7,0,3.2,1622314662
547,39.2314413643696,2.878519604045138,moyale,ke,300.65,48,100,4.18,1622314663
548,-122.27481363819766,-31.3860596888047,rikitea,pf,292.3,88,5,8.96,1622314663
549,60.88433850097476,-42.45034337704432,saint-philippe,re,288.18,93,100,15.96,1622314663
550,-52.58069637277434,-30.655134195425482,encruzilhada do sul,br,289.18,61,15,4.02,1622314664
551,-1.171761331540921,-20.89693115409159,jamestown,sh,295.3,82,100,8.86,1622314664
552,27.95421926936004,-82.12768362157145,kruisfontein,za,219.44,83,21,6.74,1622314665
553,-169.8581608926167,64.93639500561642,lavrentiya,ru,272.67,87,12,11.81,1622314665
554,54.884181927716895,41.06503742105863,balkanabat,tm,304.26,26,0,3.11,1622314665
555,108.36540395139627,-72.8827327154001,albany,au,245.53,98,100,7.15,1622314666
556,-0.18677675474341981,-71.05711152853635,hermanus,za,254.16,85,48,3.5,1622314666
557,-75.97592669083971,-5.270249453508669,lagunas,pe,307.44,40,47,1.12,1622314667
558,24.391936589283716,-19.941151713922224,gweta,bw,289.67,25,0,2.39,1622314667
559,-124.34809546880803,8.571150971513063,cabo san lucas,mx,300.84,75,62,7.76,1622314667
560,111.72551492737551,-26.712201691535725,carnarvon,au,293.75,63,100,9.46,1622314668
561,22.913223679303798,-73.75948588570662,bredasdorp,za,221.82,100,100,5.55,1622314668
562,-122.7603630650634,2.14630186470103,atuona,pf,299.49,71,67,6.33,1622314669
563,-98.04201337034168,-34.503224273561,lebu,cl,291.75,92,100,11.56,1622314669
564,167.75007859460692,-30.661078437985196,ahipara,nz,288.25,68,100,14.7,1622314669
565,-40.20226168513747,-28.79778972382538,arraial do cabo,br,294.35,87,15,9.07,1622314670
566,-71.05272512124306,-20.263000388614614,iquique,cl,290.68,83,14,3.93,1622314670
567,-56.113519449380135,73.2984461637119,upernavik,gl,272.91,92,94,6.19,1622314671
568,-9.932017371462678,87.57531783722655,illoqqortoormiut,gl,273.18,89,71,5.23,1622314671
569,-68.04061638119059,6.6385574040512125,puerto carreno,co,305.13,51,100,4.1,1622314671
570,-178.48980283098294,41.455457488948326,provideniya,ru,282.5,75,100,12.96,1622314672
571,-29.41341000849991,6.9641698657812015,sao filipe,cv,299.62,79,100,6.67,1622314672
572,-161.70080126779845,-78.70008748980197,mataura,pf,258.67,88,96,4.29,1622314673
573,-125.06052228471319,-46.18008515995011,rikitea,pf,280.81,80,100,14.94,1622314673
574,-100.77844611999801,-82.82590959163628,punta arenas,cl,248.13,96,100,4.58,1622314674
575,101.44227624768916,5.780708403434232,betong,th,295.87,98,100,0.65,1622314674
576,-0.593042447633934,-68.88507574480334,hermanus,za,261.27,95,100,8.31,1622314674
577,-72.98393258106891,23.596674301888626,cockburn town,bs,298.84,76,11,5.19,1622314675
578,131.57764380826575,-80.29408505980449,new norfolk,au,231.2,87,58,6.63,1622314675
579,-172.83647891928806,2.9768529776684716,saleaula,ws,301.26,79,100,8.04,1622314675
580,172.029413004746,53.93813176757672,nikolskoye,ru,277.61,96,100,6.53,1622314676
581,-49.48426200693311,-46.51142112554086,mar del plata,ar,280.77,47,100,10.18,1622314676
582,-101.09328956060794,-67.49435957736611,punta arenas,cl,262.78,96,100,1.86,1622314677
583,46.80811472244895,0.33882863182159895,mogadishu,so,299.85,76,100,5.45,1622314677
584,-133.89374162184004,88.46710770785225,tuktoyaktuk,ca,273.17,83,100,4.57,1622314678
585,126.15544349026902,-5.801653557203352,ambon,id,300.82,77,99,8.25,1622314678
586,154.01509845040852,19.287648952214724,katsuura,jp,300.83,69,0,7.46,1622314678
587,-1.270581287238798,63.59781144989239,brae,gb,281.41,88,0,4.51,1622314679
588,-120.16211509578073,-57.37216348400461,rikitea,pf,278.71,93,100,17.72,1622314679
589,-7.717993907052147,-85.9602900524015,hermanus,za,223.44,72,28,5.94,1622314680
590,119.81101210470723,28.933447239544336,jinhua,cn,292.15,94,100,0.94,1622314680
591,-131.84418791114,6.695536980068809,atuona,pf,300.85,74,50,3.51,1622314680
592,11.246234679584973,61.90646405113543,svarstad,no,286.86,46,15,2.78,1622314681
593,-79.26415350021179,-12.693623417243515,hualmay,pe,292.12,77,100,7.14,1622314681
594,12.605697329432871,-34.146027762973155,saldanha,za,289.95,73,0,3.38,1622314682
595,11.266587831679232,10.424881299508812,gombe,ng,304.18,45,100,2.24,1622314682
596,34.31870533738649,-55.21068950931328,port alfred,za,271.41,66,100,11.41,1622314682
597,48.37091997802193,63.39186139823795,mezhdurechensk,ru,275.72,73,10,3.89,1622314683
598,-82.41761366134958,74.49359191844272,qaanaaq,gl,272.0,96,100,5.39,1622314683
599,-30.629730021376048,-7.545046880389094,pitimbu,br,300.58,72,3,7.6,1622314684
600,-89.33065922998692,4.399908179078366,puerto ayora,ec,300.41,75,100,6.01,1622314684
601,169.00859914122498,43.790600756616556,nikolskoye,ru,278.57,88,100,5.08,1622314685
602,62.788105459665815,-45.78278026456219,saint-philippe,re,278.26,91,100,4.92,1622314685
603,5.191284859594504,30.61291651883144,warqla,dz,312.04,9,100,3.8,1622314685
604,83.92149106078097,76.84125219166722,dikson,ru,269.51,98,100,2.88,1622314686
605,-84.22095128402593,71.65907820470949,clyde river,ca,270.29,86,99,1.46,1622314686
606,70.03242827909247,-85.384675790567,taolanaro,mg,216.69,95,23,5.6,1622314687
607,-38.586768965310455,49.448553982485095,nanortalik,gl,282.29,62,84,13.95,1622314687
608,131.34441109813827,41.959170901384056,zarubino,ru,285.73,84,88,3.22,1622314687
609,11.127586066713718,44.14328989886198,vaiano,it,290.02,78,100,1.56,1622314688
610,-134.1201093915829,4.104825956520827,atuona,pf,300.63,76,8,7.94,1622314688
611,76.90905516400028,-24.598823478894843,grand river south east,mu,295.73,62,37,9.37,1622314689
612,98.18709585261035,-62.12334917781279,busselton,au,264.2,92,38,2.81,1622314689
613,86.10782734078862,-19.27775630505539,bengkulu,id,296.85,59,25,10.95,1622314690
614,-106.69423553982857,-14.86476225654198,puerto ayora,ec,296.72,72,31,8.64,1622314690
615,134.27773539348203,-88.06604118860179,hobart,au,219.4,100,100,1.87,1622314690
616,12.982263050496329,-47.940883552629174,hermanus,za,278.63,97,100,8.4,1622314691
617,-171.12481517473688,80.31707734149188,mys shmidta,ru,272.76,96,100,6.69,1622314691
618,-116.7015798650183,-1.9783159689578014,atuona,pf,299.18,76,8,7.77,1622314692
619,-49.52270082443309,-58.52148776120114,ushuaia,ar,267.7,77,100,11.66,1622314692
620,-170.40767327490198,-89.51979139767862,vaini,to,225.94,98,49,5.68,1622314692
621,-93.43054962111619,44.33659518439029,faribault,us,291.28,43,57,4.77,1622314693
622,-143.70118320486063,88.1155225492083,barrow,us,273.02,81,100,4.09,1622314693
623,130.9495232228365,8.343251092582904,kloulklubed,pw,300.3,82,84,2.31,1622314694
624,52.90139259346785,59.215806658456984,kostino,ru,285.18,97,84,1.49,1622314694
625,-121.93883150520561,-31.870841033584547,rikitea,pf,291.9,84,56,8.16,1622314694
626,-53.49079648489146,-23.878213116136294,alto piquiri,br,304.37,28,100,5.39,1622314695
627,-59.25128993793629,19.453544869800467,codrington,ag,299.58,72,46,5.48,1622314695
628,137.6626609938695,-80.68480653137019,hobart,au,228.86,85,34,7.0,1622314696
629,106.02429851846995,-53.67931543950838,busselton,au,275.34,73,100,9.81,1622314696
630,-159.5939107451779,-30.671340778796093,avarua,ck,292.88,76,27,12.86,1622314696
631,60.550079959010475,-64.40733815756884,taolanaro,mg,248.92,90,100,10.05,1622314697
632,130.74589022148433,86.47451465245848,tiksi,ru,271.86,91,100,4.86,1622314697
633,90.84425107859118,6.094775901277401,sabang,id,301.71,79,100,8.03,1622314698
634,-33.74904930286817,79.42627118199061,tasiilaq,gl,266.68,82,58,6.21,1622314698
635,-32.205479434341214,66.9097872446091,tasiilaq,gl,273.75,99,100,3.24,1622314698
636,-104.49264368087194,21.999334065436585,puga,mx,308.81,13,100,3.25,1622314699
637,178.39315803811024,86.00019625443866,leningradskiy,ru,271.88,91,32,4.05,1622314699
638,66.8742929364619,77.51577255027331,amderma,ru,271.86,92,29,4.09,1622314699
639,128.96080158882125,-56.87348017904427,mount gambier,au,276.23,83,100,6.75,1622314700
640,-104.57542975494991,67.04040360901692,yellowknife,ca,270.87,81,91,2.12,1622314700
641,68.71381688793647,15.247556591906047,malwan,in,302.42,75,99,6.35,1622314701
642,-123.26449080900025,17.893288874630073,constitucion,mx,294.97,78,100,8.81,1622314701
643,73.80866290596052,37.51439134068909,hunza,pk,272.81,49,100,2.3,1622314701
644,-149.3746257057964,78.39040809715135,barrow,us,273.23,90,100,2.59,1622314702
645,-42.35794553416204,60.34164092172779,nanortalik,gl,276.59,86,100,5.76,1622314702
646,23.438565115622453,72.23523436054151,hammerfest,no,278.07,91,100,7.82,1622314703
647,-101.5778429014198,66.64694306486669,thompson,ca,270.89,85,6,5.11,1622314703
648,42.09461185721145,-1.889746623367003,bur gabo,so,299.62,76,96,6.15,1622314704
649,-110.73231039762993,-77.60254817197666,punta arenas,cl,241.41,100,100,2.25,1622314704
650,71.26791756196127,-33.959164883285254,mahebourg,mu,292.03,80,0,9.33,1622314704
651,-146.51362341350398,-16.581905727252433,tautira,pf,299.71,71,96,3.46,1622314705
652,-119.44399020455523,-37.19013074623285,rikitea,pf,286.27,59,100,10.72,1622314705
653,-52.44027200767876,20.66234431967176,saint-francois,gp,298.95,72,7,7.25,1622314706
654,69.0672303081256,-29.105675625532747,bambous virieux,mu,294.54,83,0,7.76,1622314706
655,8.04809474435848,20.518030679302626,arlit,ne,308.25,9,4,4.51,1622314706
656,125.65910649014086,19.866398553703334,basco,ph,302.42,78,100,6.12,1622314707
657,-92.07130087954597,-3.6206471870737005,puerto ayora,ec,297.45,75,13,7.85,1622314707
658,97.63472475551464,-9.794416974835329,bengkulu,id,301.14,79,50,7.63,1622314708
659,163.91516640259903,-56.72748307342177,bluff,nz,274.6,97,100,12.39,1622314708
660,101.78612278627668,49.18613167796582,moron,mn,277.41,86,100,2.33,1622314708
661,103.31722428196639,-59.22242764270096,albany,au,271.64,72,100,6.54,1622314709
662,-96.09528224288275,63.553637700406,thompson,ca,275.49,96,100,4.93,1622314709
663,101.56237676919386,54.87142606767563,kuytun,ru,273.15,97,88,2.0,1622314710
664,-51.370274738534135,13.811082687630588,bathsheba,bb,299.13,79,25,8.89,1622314710
665,-60.42920924573825,-88.20714618667981,ushuaia,ar,226.36,100,58,6.08,1622314710
666,166.01773190236486,-65.83722173476978,bluff,nz,267.88,97,100,3.34,1622314711
667,47.6449337859857,30.74128172785558,khorramshahr,ir,309.13,8,0,4.94,1622314711
668,72.7878055560098,-7.9738080611020195,hithadhoo,mv,300.8,68,52,8.04,1622314712
669,-2.538480896688469,-41.673880199282785,saldanha,za,285.34,82,29,15.73,1622314712
670,85.69249374331349,45.43257113286069,baijiantan,cn,299.21,16,89,4.66,1622314712
671,-139.7568408716949,27.040656830658975,hilo,us,293.08,72,100,6.35,1622314713
672,-68.06967262563373,2.5328331263014263,inirida,co,301.94,78,59,0.9,1622314713
673,168.6534298283808,74.05530337853315,pevek,ru,271.98,87,15,3.04,1622314714
674,-166.2416555698809,-82.57918696929482,mataura,pf,258.93,84,100,7.61,1622314714
675,43.168931438843174,14.471837676256513,zabid,ye,307.07,41,73,1.62,1622314714
676,115.9641945217769,-87.52116857293923,albany,au,215.9,100,81,4.15,1622314715
677,-32.98534450464837,13.36088825742273,sao filipe,cv,297.25,75,68,8.77,1622314715
678,-67.40896897152909,49.73260613474673,port-cartier,ca,279.99,37,30,3.57,1622314716
679,13.058000383842455,51.264210944574046,oschatz,de,287.61,88,77,2.73,1622314716
680,-87.10405059575292,68.15026747178649,attawapiskat,ca,272.34,97,100,3.78,1622314716
681,-122.64351853951786,72.8865053388989,norman wells,ca,270.62,86,99,0.39,1622314717
682,-160.82260779093755,-30.577438750887914,avarua,ck,293.09,72,44,12.55,1622314717
683,-76.45003966810576,-1.0420798163313947,nueva loja,ec,305.05,49,65,0.48,1622314717
684,-97.91132966746912,73.21133590318274,thompson,ca,271.06,84,100,4.43,1622314718
685,-99.04368636924349,83.01220826266493,yellowknife,ca,272.88,87,58,2.9,1622314718
686,68.67760926046986,-63.8652726225794,saint-philippe,re,250.36,97,100,15.02,1622314719
687,96.45074230928867,33.72236295851651,pasighat,in,269.94,89,100,1.39,1622314719
688,-159.83129292747088,-3.619071284695039,faanui,pf,300.98,73,72,7.24,1622314720
689,-175.81775864773445,-54.87026176595976,vaini,to,281.06,74,100,2.68,1622314720
690,-111.30743878242377,23.4321686051681,todos santos,mx,292.47,80,100,6.56,1622314720
691,95.41197804825748,87.45330606315295,khatanga,ru,273.06,85,100,5.89,1622314721
692,-14.451225474414912,8.864971707816593,conakry,gn,300.47,80,52,4.99,1622314721
693,58.6849503340099,40.3383835228604,akdepe,tm,307.19,14,0,4.27,1622314722
694,-8.50870182346955,-59.8186334806619,cape town,za,272.23,97,100,10.26,1622314722
695,-165.89218157119348,80.4313690331731,barrow,us,272.68,94,100,5.08,1622314722
696,16.08163890395093,-46.32787776401627,hermanus,za,280.27,81,100,8.49,1622314723
697,19.248923160400608,-80.82918286761185,bredasdorp,za,219.97,87,6,5.86,1622314723
698,-102.50120603521685,25.33193169476496,viesca,mx,307.51,25,1,2.62,1622314724
699,-76.22705416348415,-78.6847876272307,ushuaia,ar,243.17,88,11,3.06,1622314724
700,-145.70861017411409,24.95327806290709,hilo,us,295.78,76,100,6.66,1622314724
701,82.88506324591032,-16.722521571842137,hithadhoo,mv,297.49,67,100,10.56,1622314725
702,38.301972947015486,-64.46768325662805,port alfred,za,268.81,85,100,7.38,1622314725
703,-105.56645612705155,-89.90465544887772,punta arenas,cl,224.39,98,56,5.47,1622314726
704,-24.358990762994466,57.20395440193778,grindavik,is,283.04,93,100,15.98,1622314726
705,5.091646743776948,-17.73753330638732,namibe,ao,294.05,82,100,9.77,1622314726
706,27.963170126307432,-0.6127537370059031,butembo,cd,292.32,98,72,1.8,1622314727
707,43.38511708418912,-16.46994481173327,mocambique,mz,299.08,61,50,3.87,1622314727
708,16.40295940349202,46.26425194985595,varazdin,hr,286.79,71,100,1.39,1622314727
709,-176.46470895394606,6.766166816659563,vaitupu,wf,300.86,81,100,8.36,1622314728
710,68.58145180575502,76.62335818800543,amderma,ru,271.6,88,79,4.06,1622314728
711,67.47220023895878,74.58764701093111,amderma,ru,268.19,96,96,3.65,1622314729
712,-131.8016562534919,-29.358325668156247,rikitea,pf,293.05,70,4,3.62,1622314729
713,-51.20248283224032,-31.66862837293919,sao lourenco do sul,br,289.62,63,69,10.68,1622314730
714,168.81571837922263,74.02569250533841,pevek,ru,272.01,87,14,3.09,1622314730
715,22.853797229806418,-63.5367807291733,bredasdorp,za,266.54,90,100,11.17,1622314731
716,-151.0027345831618,11.130811369150521,hilo,us,299.08,80,8,7.14,1622314731
717,-165.72915981669755,50.04871994368054,bethel,us,279.16,88,100,7.19,1622314731
718,-156.61572195725566,-30.33136377764353,avera,pf,293.55,66,27,10.74,1622314732
719,-158.02191301706313,80.97808191434109,barrow,us,272.05,90,100,6.61,1622314732
720,-72.51457101843813,65.9279683426517,iqaluit,ca,275.95,56,6,4.07,1622314732
721,98.96896341049711,73.41259851107398,khatanga,ru,272.87,86,100,6.75,1622314733
722,-56.22648904245365,-87.37237938054693,ushuaia,ar,229.23,94,21,7.77,1622314733
723,89.43986926453812,-57.43127452736568,busselton,au,273.63,100,100,9.48,1622314734
724,114.53619954901711,34.24721587921016,changying,cn,293.17,45,100,3.2,1622314734
725,31.88874841147981,14.484649026235104,umm jarr,sd,309.45,19,1,4.91,1622314734
726,47.861892605380575,87.89767368618985,belushya guba,ru,272.92,84,100,6.26,1622314735
727,110.38218031295872,25.388253162921785,guilin,cn,296.1,97,100,0.78,1622314735
728,48.47735737115954,-62.83651842347054,east london,za,265.13,62,100,7.38,1622314736
729,-65.125923222751,-10.14671775594556,guajara-mirim,br,306.33,42,85,1.31,1622314736
730,74.69116313291883,-1.0317475993688277,hithadhoo,mv,301.55,75,96,7.75,1622314736
731,-110.26644377764875,19.245954487137283,cabo san lucas,mx,296.19,70,11,2.8,1622314737
732,136.27550418190924,26.526820207493316,naze,jp,299.18,88,100,6.9,1622314737
733,-93.45451578228649,-26.603266366976136,pisco,pe,292.48,74,3,4.46,1622314738
734,22.423329496494716,41.48953868425917,konce,mk,285.84,70,24,1.87,1622314738
735,82.30315390050845,14.256564137375449,machilipatnam,in,302.96,81,94,6.91,1622314739
736,-157.11358190419963,-42.57230165526061,mataura,pf,284.48,68,100,8.21,1622314739
737,-18.96100346299582,16.08966702908276,dakar,sn,293.95,88,0,7.93,1622314739
738,141.4407961585128,-33.702022066013186,mildura,au,278.58,68,0,3.12,1622314740
739,-122.02455883892122,-74.03649099972303,rikitea,pf,261.94,93,100,6.25,1622314740
740,70.06170805991798,-70.34326632136374,taolanaro,mg,228.82,86,78,4.32,1622314741
741,-160.060251058956,65.26700787673701,bethel,us,278.46,34,0,8.59,1622314741
742,-75.6421203474362,40.36709970533596,pottstown,us,283.18,81,100,4.92,1622314742
743,55.323182028709226,-42.147494624724615,taolanaro,mg,280.21,85,100,9.94,1622314742
744,-173.44279076666783,73.53078099683091,mys shmidta,ru,273.09,82,60,3.33,1622314743
745,70.99149658110062,-55.46586584380191,saint-philippe,re,274.21,77,97,18.59,1622314743
746,151.58056124429163,-71.06985911323864,hobart,au,238.36,68,0,11.79,1622314744
747,96.28968116319317,-28.209768562679592,carnarvon,au,290.05,61,100,9.31,1622314744
748,115.1667018312935,-39.21467416511572,albany,au,284.81,70,23,14.24,1622314744
749,89.69626462268133,74.76626680084499,talnakh,ru,273.25,99,100,3.23,1622314745
750,-149.18077269505642,-48.93364252650713,mataura,pf,280.21,70,100,13.53,1622314745
751,105.14757723794617,-1.3688142872559297,mentok,id,302.09,74,93,5.6,1622314746
752,92.21636221228783,53.26680096263476,yermakovskoye,ru,276.59,93,63,0.74,1622314746
753,88.31129176155298,50.430746152953674,ulagan,ru,272.35,89,6,1.24,1622314746
754,35.97289135684403,-70.72843992019378,port alfred,za,247.63,95,100,9.2,1622314747
755,-11.127734012002065,79.6140824717402,illoqqortoormiut,gl,273.14,96,84,3.06,1622314747
756,-0.9792017961116812,-55.0989661068823,cape town,za,273.24,87,100,1.24,1622314747
757,136.16637145704618,-42.86773318335394,mount gambier,au,285.06,82,100,10.09,1622314748
758,-164.62687820714618,32.54883478742427,kapaa,us,292.84,83,100,8.14,1622314748
759,-92.32345294219662,-17.867415011558805,huarmey,pe,294.35,75,100,8.99,1622314749
760,100.52000539284086,16.238283010428574,taphan hin,th,299.71,85,100,2.94,1622314749
761,-162.85063664116308,73.0540918640229,barrow,us,272.54,89,8,3.8,1622314750
762,166.63437420930836,-50.420945083982986,bluff,nz,279.87,77,100,11.08,1622314750
763,-121.75863014102706,15.283192544647662,constitucion,mx,296.87,77,2,8.36,1622314750
764,109.65727135934651,76.93014703559922,saskylakh,ru,271.84,81,29,9.49,1622314751
765,-36.16354902309365,69.22529971898473,tasiilaq,gl,264.01,93,100,8.6,1622314751
766,96.48429154552355,-47.633741047547026,busselton,au,281.09,95,100,14.32,1622314752
767,-102.70451887414454,-78.32511071951343,punta arenas,cl,242.83,100,57,3.24,1622314752
768,-92.28619895976917,45.466063242250584,stillwater,us,291.65,51,100,4.23,1622314752
769,71.83163857654236,84.41837731961652,dikson,ru,272.68,89,100,7.94,1622314753
770,-64.30248352038221,-2.5213884323537172,alvaraes,br,299.0,89,98,1.6,1622314753
771,111.28180450595704,-42.5438590757639,busselton,au,282.83,67,100,9.21,1622314754
772,-33.389624410821796,-45.10100193903583,cidreira,br,283.11,91,100,2.79,1622314754
773,-72.52433193918951,-9.779189581350877,porto walter,br,306.45,37,96,1.59,1622314754
774,156.5401039525201,36.16087859345659,sentyabrskiy,ru,292.71,97,100,6.39,1622314755
775,-94.473150390612,43.608615231145336,fairmont,us,289.64,36,100,4.48,1622314755
776,-97.33415605280281,87.79477881362564,qaanaaq,gl,273.08,82,100,4.47,1622314756
777,146.8998531668031,19.835909088570602,katsuura,jp,301.2,77,10,7.63,1622314756
778,140.9969374094507,11.187412888167685,airai,pw,302.08,76,38,9.52,1622314757
779,-102.74738997967796,31.401725180604487,west odessa,us,304.23,50,6,5.99,1622314757
780,175.54945260139073,-61.32373636247588,kaitangata,nz,274.03,79,100,11.05,1622314757
781,-138.27185288935462,-40.77111310323425,rikitea,pf,283.37,58,100,13.43,1622314758
782,-59.02917973676773,-12.454731930170382,vilhena,br,306.06,28,17,1.44,1622314758
783,150.22883059507507,-23.867764499798383,rockhampton,au,288.41,76,100,2.16,1622314758
784,72.34147552792103,-48.08987163160289,souillac,mu,277.83,100,100,3.28,1622314759
785,163.3774742219651,25.67101071338955,butaritari,ki,298.78,75,100,5.62,1622314759
786,-72.84876062862503,-45.56202010237139,coihaique,cl,275.3,95,100,1.84,1622314760
787,65.24569113646439,83.51232119447965,amderma,ru,272.79,85,100,6.66,1622314760
788,-100.6722160163154,-19.820496555495126,puerto ayora,ec,294.81,70,12,8.74,1622314760
789,138.62770537397546,14.828783900392935,airai,pw,302.18,75,57,7.72,1622314761
790,-88.92043855241786,86.56481271552218,qaanaaq,gl,272.61,82,16,5.98,1622314761
791,159.1421571865635,41.66008785022754,severo-kurilsk,ru,283.31,91,100,8.62,1622314762
792,121.75366733010367,27.526698733641524,wenling,cn,294.95,91,100,0.75,1622314762
793,-95.22360689472544,81.76824504632722,thompson,ca,272.38,78,56,5.84,1622314762
794,65.92187178143112,-12.75879243374986,grand gaube,mu,299.91,70,100,9.4,1622314763
795,-98.24137068644973,59.72467155488701,thompson,ca,275.02,97,100,8.98,1622314763
796,83.92008128589055,73.95895324741053,dikson,ru,270.51,94,97,2.41,1622314764
797,-134.24692438163981,-64.76009915233092,rikitea,pf,271.69,95,100,5.9,1622314764
798,158.1076475320569,59.050907489820645,tigil,ru,276.11,81,17,2.65,1622314764
799,73.47953163496518,-54.55821582071309,souillac,mu,274.66,74,6,15.12,1622314765
800,-45.21360257155422,-38.00573018660286,rio grande,br,286.19,65,100,16.51,1622314765
801,-144.12804018629123,-47.440424300384784,mataura,pf,280.61,75,100,14.97,1622314766
802,-174.9770499856993,26.295234658178614,kapaa,us,297.38,78,39,4.35,1622314766
803,45.4496327343015,78.28416120418964,belushya guba,ru,271.47,92,100,3.27,1622314767
804,104.30349269335414,3.4953752997666214,pekan,my,302.88,73,97,5.73,1622314767
805,42.060891877493134,-70.3702428774234,port alfred,za,247.48,97,100,6.37,1622314767
806,38.26604304321046,85.7747314606186,vardo,no,272.6,90,49,6.21,1622314768
807,-50.165112016656764,-85.36718291591492,ushuaia,ar,233.3,65,12,8.26,1622314768
808,-95.61687369903419,48.70654378107491,steinbach,ca,290.09,39,40,8.71,1622314769
809,-126.92613887149952,6.112657064622937,atuona,pf,300.66,75,5,4.94,1622314769
810,92.02555148512687,-74.32058668187427,busselton,au,238.28,94,100,9.26,1622314769
811,-15.969949641176754,26.173636735448625,santa lucia,es,292.84,81,37,8.03,1622314770
812,-125.34896079453412,-5.530905758064648,atuona,pf,299.37,79,39,4.99,1622314770
813,13.443844271234866,-89.99829366051753,bredasdorp,za,224.31,98,50,5.46,1622314771
814,179.20500340033465,-81.56705918451709,kaitangata,nz,261.51,94,100,8.63,1622314771
815,85.54348617849462,-8.856470116474028,hithadhoo,mv,299.98,85,100,8.15,1622314771
816,19.300492350071806,23.342902929089576,faya,td,302.96,14,0,5.38,1622314772
817,16.313773517536447,59.817965874164514,sala,se,288.68,58,0,2.2,1622314772
818,-168.83301156642156,-86.42644112268339,vaini,to,239.86,92,100,3.13,1622314773
819,-50.09508483559219,76.51341079333272,upernavik,gl,267.51,84,65,6.19,1622314773
820,9.9438794644893,-2.6736896416949207,gamba,ga,298.41,91,32,2.55,1622314773
821,121.12234141678942,5.977801417791184,mauboh,ph,298.35,82,100,0.64,1622314774
822,-67.59502830923746,-73.54369423122992,ushuaia,ar,253.85,45,89,3.54,1622314774
823,131.2983524463928,-18.68796042516034,kununurra,au,286.93,42,25,4.8,1622314775
824,-144.03810690862338,-34.30495536968,mataura,pf,288.51,72,100,7.88,1622314775
825,-112.84721916141693,-46.42015958859571,rikitea,pf,281.95,81,100,11.67,1622314775
826,131.331888197838,25.67629273149757,naze,jp,300.65,81,100,8.08,1622314776
827,77.50629948591546,43.76987000854032,esik,kz,292.45,65,0,0.83,1622314776
828,-36.06292119606903,32.81506080990383,ribeira grande,pt,293.46,64,31,6.76,1622314777
829,147.3007108527126,89.47102418666859,chokurdakh,ru,273.1,87,24,5.08,1622314777
830,-1.149119713835944,-89.50709827054631,hermanus,za,224.0,97,33,4.86,1622314777
831,61.66709221087433,63.59073122056759,agirish,ru,283.54,72,100,0.82,1622314778
832,-94.6415265230019,-84.18663771338893,punta arenas,cl,243.5,97,55,4.83,1622314778
833,143.46824755512347,-46.63703169063873,new norfolk,au,284.76,87,98,9.95,1622314778
834,-22.760191542214784,38.64566198136575,vila franca do campo,pt,290.73,77,100,4.19,1622314779
835,-155.83594897899863,-48.04218883408328,mataura,pf,280.98,68,100,6.29,1622314779
836,-50.99234182128751,-65.68515903948798,ushuaia,ar,253.39,100,100,3.89,1622314780
837,75.66634097314335,-70.63616924919164,saint-philippe,re,245.04,99,100,11.57,1622314780
838,13.862176972240036,16.93125564426782,bilma,ne,305.98,7,16,4.44,1622314780
839,-31.866541779444447,68.2404968511257,tasiilaq,gl,275.82,99,100,1.74,1622314781
840,-43.00614167692808,-55.736239288734616,mar del plata,ar,273.48,72,82,9.04,1622314781
841,-94.5239420043853,-42.25761135052828,ancud,cl,285.68,95,100,6.38,1622314782
842,-168.13084829155926,27.484504501201187,kapaa,us,296.63,70,66,6.73,1622314782
843,-30.811939593700373,36.360078645710374,ribeira grande,pt,291.34,66,1,2.88,1622314783
844,-10.793642514187468,42.97364236054952,muros,es,287.98,84,100,8.8,1622314783
845,103.24146334578234,83.418755682448,khatanga,ru,270.62,94,100,4.63,1622314783
846,-171.3067869876212,18.06338900474954,kapaa,us,298.88,75,55,5.75,1622314784
847,134.39150595190972,61.14386187334736,ust-maya,ru,283.22,88,100,2.87,1622314784
848,-171.67432544711718,33.98974611040221,kapaa,us,292.46,87,100,14.06,1622314785
849,-52.73900220244148,-79.8874522075202,ushuaia,ar,235.99,75,13,0.95,1622314785
850,-125.09053747175876,-31.62250396337366,rikitea,pf,290.85,73,100,7.28,1622314785
851,73.01078233307001,33.379967088526925,rawalpindi,pk,303.32,23,7,3.46,1622314786
852,-120.99784489286498,34.67762637718626,lompoc,us,291.6,81,100,9.94,1622314786
853,-40.66151323911447,-89.46873735316012,ushuaia,ar,224.06,100,65,5.02,1622314787
854,-48.6514236804646,-10.100900680075782,palmas,br,304.88,29,43,2.19,1622314787
855,117.89814271149197,72.3633710788329,saskylakh,ru,272.37,93,15,5.64,1622314788
856,-7.277113610180265,11.68235507148512,bougouni,ml,307.73,32,92,1.55,1622314788
857,-139.7420868719728,-59.24644404561444,rikitea,pf,272.4,85,100,12.48,1622314788
858,179.92612824107766,-1.9706344484950193,rungata,ki,301.16,78,74,7.11,1622314789
859,-4.029893991472079,-13.141522408105885,jamestown,sh,296.74,70,20,9.57,1622314789
860,151.29423025785854,-70.26818104783024,hobart,au,242.74,65,0,14.69,1622314789
861,-153.12698800771204,-28.516401431745187,mataura,pf,293.87,74,1,9.03,1622314790
862,-46.11454181717056,-48.38693468439674,mar del plata,ar,278.63,65,100,10.82,1622314790
863,-77.37526830765852,30.004516349960326,marsh harbour,bs,298.88,74,57,8.79,1622314791
864,-107.11317989058406,1.1970889924417065,puerto ayora,ec,297.83,74,15,7.22,1622314791
865,27.436352237702835,49.06009486882863,derazhnya,ua,284.36,85,99,3.18,1622314791
866,175.47905445793714,9.050972113328967,butaritari,ki,300.38,78,100,9.57,1622314792
867,51.4347774083916,-4.489301504776677,victoria,sc,300.36,74,33,4.09,1622314792
868,23.5489686552159,15.012636464437136,kutum,sd,305.0,9,80,6.76,1622314793
869,-158.37050239825055,89.72884988148874,barrow,us,273.18,87,100,4.92,1622314793
870,171.06756167845225,5.87094347731562,butaritari,ki,300.91,81,96,8.99,1622314793
871,52.72551304065266,-28.864609058120905,taolanaro,mg,294.94,82,50,6.26,1622314794
872,-74.08990476430708,-69.96387817565906,ushuaia,ar,236.75,100,25,1.74,1622314794
873,81.08963305642163,60.789029072618064,kargasok,ru,275.54,67,17,2.06,1622314795
874,90.46954303747412,-26.693592912940275,carnarvon,au,291.62,68,100,10.45,1622314795
875,-7.23246663962874,-11.453694848552388,jamestown,sh,297.87,68,3,9.31,1622314795
876,109.40307001458297,-41.14430165323659,busselton,au,283.77,75,18,9.71,1622314796
877,-71.39901719276062,9.153293154765393,san carlos del zulia,ve,302.0,69,100,1.7,1622314796
878,-172.39379149565534,-74.63667137563343,vaini,to,255.49,93,100,11.63,1622314797
879,40.67917912543831,32.72399739643909,abu kamal,sy,301.09,12,0,6.99,1622314797
880,-47.46642593382114,-78.38454124639588,ushuaia,ar,245.61,48,100,2.83,1622314797
881,-160.1542306335727,-10.201812034009734,faanui,pf,301.03,63,10,6.56,1622314798
882,-43.256375182736036,71.17729333012804,tasiilaq,gl,267.54,79,100,6.98,1622314798
883,70.40323282485019,-85.10992859541969,taolanaro,mg,215.98,96,22,5.33,1622314798
884,162.39405407587884,33.89549935091681,severo-kurilsk,ru,293.21,95,23,5.77,1622314799
885,37.199323629931826,15.766728132630618,barentu,er,309.5,12,89,6.45,1622314799
886,-102.23107145389591,-16.341108886617306,puerto ayora,ec,295.85,71,63,8.55,1622314800
887,153.87491961820842,69.46848903285274,srednekolymsk,ru,283.68,46,18,4.09,1622314800
888,-146.7443466838721,47.736958814555805,kodiak,us,282.1,94,100,2.31,1622314801
889,-71.6274060726446,53.82018174422035,dolbeau,ca,280.19,51,26,4.08,1622314801
890,101.99814577853198,8.277576327162421,yaring,th,303.08,71,12,3.99,1622314803
891,138.32186631227597,30.710587305325504,shingu,jp,296.8,80,100,3.01,1622314804
892,-17.518991981204948,30.167447389900374,santa cruz de la palma,es,292.9,82,18,7.77,1622314805
893,-40.35989099771626,-47.3177495127415,chuy,uy,281.73,63,100,13.41,1622314806
894,108.14378248007176,-27.709968499783542,carnarvon,au,291.49,67,100,11.1,1622314808
895,40.79185647537423,-82.1310555570566,port alfred,za,218.85,93,52,7.44,1622314809
896,-150.4169026292446,-40.467896565683155,mataura,pf,284.67,63,44,7.83,1622314810
897,103.79199345488195,-16.94135522593902,palabuhanratu,id,298.07,75,100,11.45,1622314811
898,-108.53961867028312,22.350509936857435,cabo san lucas,mx,297.02,71,32,4.78,1622314811
899,-59.77853593429012,87.42684151017147,narsaq,gl,273.18,83,100,4.09,1622314812
900,140.53405514022432,61.39647445607105,solnechnyy,ru,271.32,92,100,4.2,1622314812
901,146.37159237895446,34.39429012403336,hasaki,jp,292.46,92,100,6.05,1622314813
902,142.90967222726186,-8.932432510233909,daru,pg,295.36,83,87,2.06,1622314813
903,-69.89942206857206,-72.80048544114422,ushuaia,ar,236.54,86,72,1.47,1622314813
904,40.015214729589275,-54.341991150564546,east london,za,273.25,80,74,12.02,1622314814
905,102.37494696811711,-55.67570377028632,busselton,au,274.13,86,100,4.63,1622314814
906,-11.397106198302083,-22.44374598715747,jamestown,sh,296.56,78,100,8.17,1622314815
907,166.8050509690692,-29.184288064075616,vao,nc,289.38,67,100,16.8,1622314815
908,126.4279177819684,-9.261815950600024,atambua,id,299.32,74,98,3.64,1622314816
909,47.95417446833858,-59.658003843297706,east london,za,269.98,72,100,8.23,1622314816
910,167.78884072385347,-77.7285996121977,bluff,nz,261.78,86,100,3.35,1622314816
911,28.286731470129553,6.714850289025264,tonj,sd,300.07,55,89,1.19,1622314817
912,-147.5741293787708,-68.10124760605657,mataura,pf,265.4,92,100,6.29,1622314817
913,19.445937075013944,-61.66649363564329,bredasdorp,za,270.37,79,100,12.32,1622314818
914,101.34080175342353,51.63469177073938,kyren,ru,275.28,91,100,1.17,1622314818
915,128.54274329267616,-13.052215278693865,port keats,au,300.68,53,99,7.14,1622314819
916,-90.65255393707577,58.89174986787492,thompson,ca,276.16,84,100,4.56,1622314819
917,-69.7494941083627,45.7285335569006,liniere,ca,288.43,28,100,2.34,1622314820
918,175.74526596568734,80.11108567490388,leningradskiy,ru,273.13,86,100,8.84,1622314820
919,130.34997463136966,-47.67051947682924,port lincoln,au,283.52,93,100,14.65,1622314821
920,97.62835551250703,-85.38815495522931,albany,au,216.37,100,77,5.41,1622314821
921,47.86027317013949,71.41938766410519,belushya guba,ru,273.76,94,99,9.07,1622314821
922,49.52136871897292,79.82799749283598,belushya guba,ru,271.63,89,100,2.66,1622314822
923,-90.06531374812815,80.23984843737395,qaanaaq,gl,270.52,82,100,2.79,1622314822
924,-155.40312983444616,40.54662329023981,kodiak,us,287.07,80,10,7.73,1622314823
925,-97.00826147320976,-16.53421005323041,puerto ayora,ec,294.5,75,100,7.83,1622314823
926,-16.9044935375278,-86.05423354826068,ushuaia,ar,226.71,66,89,6.35,1622314824
927,-127.59008514265227,56.05948443050977,smithers,ca,279.33,48,23,1.97,1622314824
928,24.56406872682868,23.978798276597658,jalu,ly,303.96,18,0,5.28,1622314824
929,7.3161864847420475,-13.826000497622175,namibe,ao,295.93,78,65,8.37,1622314825
930,-69.54002979715008,-80.81127150667263,ushuaia,ar,240.68,75,6,3.28,1622314825
931,-5.199725167132868,82.95239493633193,barentsburg,sj,272.8,79,41,2.0,1622314826
932,92.9906726160309,18.876204053772852,akyab,mm,301.78,80,97,3.22,1622314826
933,86.00278674248136,-40.01562203059829,busselton,au,285.58,83,0,6.27,1622314827
934,-109.07889959177332,-68.59955003943355,punta arenas,cl,264.06,97,100,3.54,1622314827
935,77.16135823900896,-84.67200187886375,busselton,au,215.85,94,19,5.86,1622314827
936,110.58034918678015,1.5067512182159533,kuching,my,297.19,96,100,1.13,1622314828
937,-140.93102793456862,-3.956418576780976,atuona,pf,300.32,81,16,7.36,1622314828
938,39.51310276145102,-39.59228547284163,margate,za,283.12,60,100,6.67,1622314829
939,21.79228553632521,-38.05812166507059,bredasdorp,za,287.18,55,85,3.82,1622314829
940,-175.40233317643697,-28.64454792612593,vaini,to,294.4,78,7,11.03,1622314829
941,24.845837029217677,58.20836706004741,kilingi-nomme,ee,280.4,63,5,2.47,1622314830
942,114.51404380822584,-18.641177984198237,karratha,au,298.69,77,92,4.24,1622314830
943,176.6040744360842,-88.35757776468176,bluff,nz,225.63,100,100,4.33,1622314831
944,103.1451226304709,-20.94918311880795,carnarvon,au,294.96,60,100,11.3,1622314831
945,-40.77040593905659,57.58879612288456,nanortalik,gl,277.34,77,10,8.79,1622314831
946,47.236796243226735,6.446879302718457,hobyo,so,301.46,58,97,8.76,1622314832
947,-38.620615097990196,-62.91559419589463,ushuaia,ar,267.17,95,100,5.43,1622314832
948,-156.15946972056054,-67.84377247835347,mataura,pf,261.14,89,100,7.83,1622314833
949,-117.24330887424912,6.511014317188327,san patricio,mx,300.39,72,100,7.46,1622314833
950,130.3599368372665,-56.394534553164775,portland,au,277.01,83,100,6.77,1622314833
951,-99.56742629956713,-89.90579550702705,punta arenas,cl,224.38,98,56,5.47,1622314834
952,14.942958470138649,56.645478652826455,vaxjo,se,289.33,59,6,1.77,1622314834
953,103.04411205099211,72.64459531459991,khatanga,ru,271.75,88,97,7.25,1622314835
954,-129.41565118344812,-56.289554833419665,rikitea,pf,276.37,93,100,15.46,1622314835
955,-89.05881409836539,-83.32577349118995,punta arenas,cl,244.99,90,47,5.53,1622314835
956,153.86930232073274,10.94096969471795,kavieng,pg,300.31,81,100,8.04,1622314836
957,-174.7752736795914,48.43799021117775,provideniya,ru,278.03,97,100,14.58,1622314836
958,148.4037320025041,-31.68466219267325,dubbo,au,274.35,69,59,3.25,1622314837
959,31.42627857180787,49.51806189249314,horodyshche,ua,285.34,93,9,2.44,1622314837
960,96.8766012262945,-83.2269386953636,albany,au,218.03,98,17,5.9,1622314837
961,-8.548686110107383,-31.14559522579014,jamestown,sh,293.26,75,1,3.78,1622314838
962,32.04950681657587,-56.37021437637192,port alfred,za,270.99,59,100,10.67,1622314838
963,-84.33820243768506,10.714290920873779,pital,cr,302.51,69,97,2.29,1622314839
964,87.199731451167,-7.081720169713805,meulaboh,id,300.63,79,53,3.45,1622314839
965,35.049944937510105,-24.401292577070976,maxixe,mz,290.84,88,0,0.53,1622314840
966,132.27300134601774,-8.334743139564083,tual,id,300.01,79,84,8.92,1622314840
967,-163.29178918321713,8.784390612844462,makakilo city,us,299.6,82,100,9.82,1622314840
968,33.33369188211208,-59.67233049471575,port alfred,za,269.73,76,100,9.3,1622314841
969,-129.77188713914003,-25.00427208158723,rikitea,pf,297.07,90,100,10.73,1622314841
970,88.4902507606185,75.01923761703301,talnakh,ru,273.2,99,100,1.11,1622314842
971,169.64055881260168,-44.69403752375628,wanaka,nz,274.52,99,100,3.45,1622314842
972,-31.02670983185766,5.982535893908164,sao filipe,cv,300.17,78,100,7.25,1622314842
973,6.79907905046224,60.87134185416616,ulvik,no,286.48,59,0,1.17,1622314843
974,136.54216445936902,-10.448380261879166,nhulunbuy,au,299.8,68,100,9.47,1622314843
975,130.72196619267544,-85.15603248207427,new norfolk,au,222.85,95,96,5.22,1622314843
976,-179.1923323638638,63.91155962573285,egvekinot,ru,272.59,84,7,5.46,1622314844
977,-132.04703964401875,-49.43370261595516,rikitea,pf,280.86,85,100,11.59,1622314844
978,-41.0909027944852,1.327409308364068,camocim,br,300.46,75,100,5.81,1622314845
979,-64.10742515405283,88.69331809440786,narsaq,gl,273.31,86,100,4.42,1622314845
980,-114.74623865157307,-28.026733789616657,rikitea,pf,295.08,79,100,10.78,1622314846
981,133.2709339032952,79.5652543575118,nizhneyansk,ru,267.68,94,99,2.18,1622314846
982,174.995887112094,67.76164407605273,komsomolskiy,ru,274.9,63,93,1.2,1622314846
983,-36.369701170939095,-55.75847183314409,mar del plata,ar,273.38,73,100,9.8,1622314847
984,-119.28412625958438,-60.412182101228666,rikitea,pf,275.55,96,100,14.66,1622314847
985,-16.042992996716862,-33.24348278290982,jamestown,sh,292.39,80,7,4.98,1622314848
986,104.62622588136918,57.62618119087318,novaya igirma,ru,272.95,84,100,1.49,1622314848
987,-32.10058076591898,-61.70969008923061,mar del plata,ar,270.2,96,100,6.42,1622314849
988,169.19729240621143,29.193782397974786,severo-kurilsk,ru,297.03,82,3,3.88,1622314849
989,-22.65165366242178,-38.36462422792452,arraial do cabo,br,289.14,92,100,12.87,1622314849
990,-8.703684267532623,-26.438784559283718,jamestown,sh,294.89,81,61,6.75,1622314850
991,168.0757560053883,-5.384486022400239,lata,sb,302.32,74,100,6.19,1622314850
992,133.73653263925831,59.44801217481884,ust-maya,ru,281.19,80,100,2.15,1622314851
993,-77.68250946591905,62.225225242652215,iqaluit,ca,275.67,73,100,10.65,1622314851
994,1.4893289439150692,-26.186658871438134,jamestown,sh,293.38,68,82,6.14,1622314852
995,-33.43407201811084,68.40495002635711,tasiilaq,gl,271.31,97,100,3.21,1622314852
996,-29.00082542099142,-57.67160764742403,chuy,uy,272.71,90,86,8.43,1622314852
997,33.734645077970725,38.433532877461005,aksaray,tr,290.38,47,94,2.42,1622314853
998,170.19024892085775,-33.38278715734335,ahipara,nz,288.02,65,100,8.98,1622314853
999,80.5033937392302,-73.55353118105215,busselton,au,238.63,92,100,11.1,1622314854
